{
    "type": "FeatureCollection",
    "features": [
        {
            "type": "Feature",
            "geometry": {
                "type": "LineString",
                "coordinates": [
                    [
                        135.4554830424034,
                        34.70140346569389,
                        1
                    ],
                    [
                        135.4554586289987,
                        34.70140529766887,
                        1
                    ],
                    [
                        135.4554369665482,
                        34.70141989404464,
                        1
                    ],
                    [
                        135.4554121084263,
                        34.70143113400287,
                        1
                    ],
                    [
                        135.4553916140547,
                        34.70144463286572,
                        1
                    ],
                    [
                        135.4553550829334,
                        34.70145879922243,
                        1
                    ],
                    [
                        135.455325025725,
                        34.70146988624088,
                        1
                    ],
                    [
                        135.4553021915855,
                        34.70148317997914,
                        1
                    ],
                    [
                        135.4552923534034,
                        34.70149907306882,
                        1
                    ],
                    [
                        135.455255533309,
                        34.70151280753419,
                        1
                    ],
                    [
                        135.4552241322789,
                        34.70153121922047,
                        1
                    ],
                    [
                        135.4551916277681,
                        34.70154516026508,
                        1
                    ],
                    [
                        135.4551869148923,
                        34.70155822361924,
                        1
                    ],
                    [
                        135.4551257360405,
                        34.70157169993395,
                        1
                    ],
                    [
                        135.4551040686374,
                        34.70158866665587,
                        1
                    ],
                    [
                        135.4550838744017,
                        34.70160557736515,
                        1
                    ],
                    [
                        135.4550756411772,
                        34.70162759693409,
                        1
                    ],
                    [
                        135.4550793564086,
                        34.70165758506272,
                        1
                    ],
                    [
                        135.4550784757946,
                        34.70168104284541,
                        1
                    ],
                    [
                        135.4550840490544,
                        34.70169701712774,
                        1
                    ],
                    [
                        135.4550827071199,
                        34.7017307690869,
                        1
                    ],
                    [
                        135.4550815150866,
                        34.70175787171133,
                        1
                    ],
                    [
                        135.4550827611997,
                        34.70178710373942,
                        1
                    ],
                    [
                        135.4550851007135,
                        34.70181287095018,
                        1
                    ],
                    [
                        135.4550938371913,
                        34.70183320765575,
                        1
                    ],
                    [
                        135.455097685208,
                        34.70185461626368,
                        1
                    ],
                    [
                        135.4550989816509,
                        34.70188111862615,
                        1
                    ],
                    [
                        135.4550973749758,
                        34.70189335762781,
                        1
                    ],
                    [
                        135.4551011585613,
                        34.7019258137347,
                        1
                    ],
                    [
                        135.4551044290241,
                        34.70195354406687,
                        1
                    ],
                    [
                        135.4551010328226,
                        34.70197993900871,
                        1
                    ],
                    [
                        135.4550923883785,
                        34.70201374421946,
                        1
                    ],
                    [
                        135.455093088538,
                        34.70204101401137,
                        1
                    ],
                    [
                        135.4550971888801,
                        34.70206716474031,
                        1
                    ],
                    [
                        135.4551050911775,
                        34.70209949466169,
                        1
                    ],
                    [
                        135.4551125640634,
                        34.70212863787918,
                        1
                    ],
                    [
                        135.4551156989702,
                        34.7021548533417,
                        1
                    ],
                    [
                        135.4551124046735,
                        34.70218788378029,
                        1
                    ],
                    [
                        135.4551163263565,
                        34.70221177023182,
                        1
                    ],
                    [
                        135.4551104383648,
                        34.70223561751462,
                        1
                    ],
                    [
                        135.4551114052584,
                        34.70225883660903,
                        1
                    ],
                    [
                        135.4551177766572,
                        34.70228610614038,
                        1
                    ],
                    [
                        135.4551264713412,
                        34.70230484751814,
                        1
                    ],
                    [
                        135.455125664001,
                        34.70233343212022,
                        1
                    ],
                    [
                        135.4551286888912,
                        34.70235809459951,
                        1
                    ],
                    [
                        135.4551341298781,
                        34.70237887928564,
                        1
                    ],
                    [
                        135.4551438114599,
                        34.70239819180323,
                        1
                    ],
                    [
                        135.4551420099628,
                        34.70242979776641,
                        1
                    ],
                    [
                        135.4551369164127,
                        34.70245931320223,
                        1
                    ],
                    [
                        135.4551361226929,
                        34.70248920870986,
                        1
                    ],
                    [
                        135.4551471132479,
                        34.70251547705862,
                        1
                    ],
                    [
                        135.455149202543,
                        34.70254617392136,
                        1
                    ],
                    [
                        135.4551527850261,
                        34.70257483612166,
                        1
                    ],
                    [
                        135.4551542131791,
                        34.7026106870525,
                        1
                    ],
                    [
                        135.4551541634107,
                        34.70263737306439,
                        1
                    ],
                    [
                        135.4551476036907,
                        34.70266445116845,
                        1
                    ],
                    [
                        135.4551467391598,
                        34.70269161717336,
                        1
                    ],
                    [
                        135.4551436364595,
                        34.70271058733906,
                        1
                    ],
                    [
                        135.4551406235941,
                        34.70273371276006,
                        1
                    ],
                    [
                        135.4551415276869,
                        34.70276558265614,
                        1
                    ],
                    [
                        135.4551476378069,
                        34.7027911931551,
                        1
                    ],
                    [
                        135.4551523611678,
                        34.70281868322322,
                        1
                    ],
                    [
                        135.4551573586545,
                        34.70284547111104,
                        1
                    ],
                    [
                        135.4551592346651,
                        34.7028745292163,
                        1
                    ],
                    [
                        135.4551618485268,
                        34.70290891695254,
                        1
                    ],
                    [
                        135.4551581060046,
                        34.70293017116051,
                        1
                    ],
                    [
                        135.4551590046068,
                        34.7029584983642,
                        1
                    ],
                    [
                        135.4551644179321,
                        34.70298983003595,
                        1
                    ],
                    [
                        135.4551708179159,
                        34.70301044675856,
                        1
                    ],
                    [
                        135.4551783645456,
                        34.70304036197385,
                        1
                    ],
                    [
                        135.4551761127864,
                        34.70306529797409,
                        1
                    ],
                    [
                        135.4551722968942,
                        34.70309368579785,
                        1
                    ],
                    [
                        135.4551800897579,
                        34.70312003772628,
                        1
                    ],
                    [
                        135.4551830094177,
                        34.70314822167789,
                        1
                    ],
                    [
                        135.455186463149,
                        34.70316743857313,
                        1
                    ],
                    [
                        135.4551904685596,
                        34.70319111575007,
                        1
                    ],
                    [
                        135.4551841435823,
                        34.70321550335468,
                        1
                    ],
                    [
                        135.455192306074,
                        34.70324265784594,
                        1
                    ],
                    [
                        135.4551951406431,
                        34.70326660799769,
                        1
                    ],
                    [
                        135.4552153544784,
                        34.70330120182609,
                        1
                    ],
                    [
                        135.4552241031547,
                        34.70334251172336,
                        1
                    ],
                    [
                        135.455227552537,
                        34.70337993921322,
                        1
                    ],
                    [
                        135.4552303787238,
                        34.70341468726636,
                        1
                    ],
                    [
                        135.4552334269475,
                        34.70345009771365,
                        1
                    ],
                    [
                        135.4552366041719,
                        34.70346799601698,
                        1
                    ],
                    [
                        135.4552338948626,
                        34.70348873605936,
                        1
                    ],
                    [
                        135.4552318265382,
                        34.70351066915554,
                        1
                    ],
                    [
                        135.4552253783506,
                        34.70352042916945,
                        1
                    ],
                    [
                        135.4552213064505,
                        34.70354214478596,
                        1
                    ],
                    [
                        135.4552209340368,
                        34.70356660408223,
                        1
                    ],
                    [
                        135.4552188585219,
                        34.70358959853341,
                        1
                    ],
                    [
                        135.4552162176628,
                        34.70361164809247,
                        1
                    ],
                    [
                        135.4552215884423,
                        34.70363116792795,
                        1
                    ],
                    [
                        135.4552145647615,
                        34.70362355420292,
                        1
                    ],
                    [
                        135.4552087883533,
                        34.70364603389409,
                        1
                    ],
                    [
                        135.4552142277359,
                        34.70365669881955,
                        1
                    ],
                    [
                        135.4552140908412,
                        34.70367108100258,
                        1
                    ],
                    [
                        135.4551987580085,
                        34.70370031556936,
                        1
                    ],
                    [
                        135.4551887669509,
                        34.7037169843921,
                        1
                    ],
                    [
                        135.4551742026648,
                        34.70373432687458,
                        1
                    ],
                    [
                        135.4551514941333,
                        34.70374775630066,
                        1
                    ],
                    [
                        135.455125312704,
                        34.70376122710751,
                        1
                    ],
                    [
                        135.4551022250681,
                        34.70377393667553,
                        1
                    ],
                    [
                        135.4550767480215,
                        34.7037842889848,
                        1
                    ],
                    [
                        135.4550534300621,
                        34.70379690657074,
                        1
                    ],
                    [
                        135.4550295186524,
                        34.70380497729414,
                        1
                    ],
                    [
                        135.4550117561301,
                        34.70382731980312,
                        1
                    ],
                    [
                        135.4550169374416,
                        34.70384510832024,
                        1
                    ],
                    [
                        135.4550132514103,
                        34.70383492367316,
                        1
                    ],
                    [
                        135.4550059188779,
                        34.70382705563875,
                        1
                    ],
                    [
                        135.4550019874933,
                        34.70383626988059,
                        1
                    ],
                    [
                        135.4550103105189,
                        34.70385533656891,
                        1
                    ],
                    [
                        135.4550196256365,
                        34.70386051679515,
                        1
                    ],
                    [
                        135.4550238494873,
                        34.70387572137082,
                        1
                    ],
                    [
                        135.4550351352014,
                        34.70388483670207,
                        1
                    ],
                    [
                        135.455051714037,
                        34.70389747447688,
                        1
                    ],
                    [
                        135.4550612360993,
                        34.70392392875101,
                        1
                    ],
                    [
                        135.4550767592875,
                        34.70395249887361,
                        1
                    ],
                    [
                        135.4550785232786,
                        34.70397186190622,
                        1
                    ],
                    [
                        135.4550723514085,
                        34.70399726023392,
                        1
                    ],
                    [
                        135.455073313196,
                        34.70402655701616,
                        1
                    ],
                    [
                        135.4550752062497,
                        34.70404623648629,
                        1
                    ],
                    [
                        135.4550711854401,
                        34.70407489538912,
                        1
                    ],
                    [
                        135.455074843356,
                        34.70410544216573,
                        1
                    ],
                    [
                        135.455075319337,
                        34.70412886408939,
                        1
                    ],
                    [
                        135.4550765899555,
                        34.70414956563597,
                        1
                    ],
                    [
                        135.4550757943016,
                        34.70417090908783,
                        1
                    ],
                    [
                        135.455073929278,
                        34.70418624398714,
                        1
                    ],
                    [
                        135.4550750023107,
                        34.70417404837981,
                        1
                    ],
                    [
                        135.455064855736,
                        34.70416756451463,
                        1
                    ],
                    [
                        135.4550589060255,
                        34.70418015580468,
                        1
                    ],
                    [
                        135.455053725537,
                        34.70419514636852,
                        1
                    ],
                    [
                        135.4550550207466,
                        34.7042080623539,
                        1
                    ],
                    [
                        135.4550539042654,
                        34.70422779417683,
                        1
                    ],
                    [
                        135.4550488137776,
                        34.70424906200374,
                        1
                    ],
                    [
                        135.4550419009176,
                        34.70427786090191,
                        1
                    ],
                    [
                        135.4550365148173,
                        34.70429976241022,
                        1
                    ],
                    [
                        135.4550413898349,
                        34.70432545585811,
                        1
                    ],
                    [
                        135.4550457007962,
                        34.70435414398704,
                        1
                    ],
                    [
                        135.4550523793602,
                        34.70437600070063,
                        1
                    ],
                    [
                        135.4550532725675,
                        34.70440262093611,
                        1
                    ],
                    [
                        135.4550546764196,
                        34.70442634542667,
                        1
                    ],
                    [
                        135.4550555423322,
                        34.70445100883224,
                        1
                    ],
                    [
                        135.4550635311832,
                        34.70447295440447,
                        1
                    ],
                    [
                        135.4550667516354,
                        34.70448751259695,
                        1
                    ],
                    [
                        135.4550688191161,
                        34.70450310023156,
                        1
                    ],
                    [
                        135.4550743608829,
                        34.70451912435747,
                        1
                    ],
                    [
                        135.4550797034005,
                        34.70453852084826,
                        1
                    ],
                    [
                        135.4550847019899,
                        34.70456834093039,
                        1
                    ],
                    [
                        135.4550810524041,
                        34.70455929761849,
                        1
                    ],
                    [
                        135.4550751584101,
                        34.704568717238,
                        1
                    ],
                    [
                        135.4550732801242,
                        34.70458515556957,
                        1
                    ],
                    [
                        135.4550680625278,
                        34.7046132918669,
                        1
                    ],
                    [
                        135.4550714505304,
                        34.70464385361299,
                        1
                    ],
                    [
                        135.4550749498543,
                        34.70466748453241,
                        1
                    ],
                    [
                        135.4550721871091,
                        34.70468977652554,
                        1
                    ],
                    [
                        135.4550576855326,
                        34.70470626412668,
                        1
                    ],
                    [
                        135.4550361350824,
                        34.70472646511642,
                        1
                    ],
                    [
                        135.4550301863368,
                        34.7047401021141,
                        1
                    ],
                    [
                        135.4550053184547,
                        34.70475356895663,
                        1
                    ],
                    [
                        135.4549908107833,
                        34.7047710453126,
                        1
                    ],
                    [
                        135.4549716646019,
                        34.70478787505908,
                        1
                    ],
                    [
                        135.4549480369487,
                        34.70481155457021,
                        1
                    ],
                    [
                        135.4549210618525,
                        34.70482972790883,
                        1
                    ],
                    [
                        135.454903479155,
                        34.70485324957122,
                        1
                    ],
                    [
                        135.454882463252,
                        34.70487441428326,
                        1
                    ],
                    [
                        135.4548655357897,
                        34.70490003936091,
                        1
                    ],
                    [
                        135.4548460211249,
                        34.70492252077363,
                        1
                    ],
                    [
                        135.454821263668,
                        34.70493575900937,
                        1
                    ],
                    [
                        135.4548029232227,
                        34.70496096718245,
                        1
                    ],
                    [
                        135.4547873440262,
                        34.70498259582009,
                        1
                    ],
                    [
                        135.4547689812889,
                        34.70500094825195,
                        1
                    ],
                    [
                        135.4547457217054,
                        34.70502002050328,
                        1
                    ],
                    [
                        135.4547254373694,
                        34.70504237429805,
                        1
                    ],
                    [
                        135.4547002923524,
                        34.70506639079988,
                        1
                    ],
                    [
                        135.4546858881928,
                        34.70508932995426,
                        1
                    ],
                    [
                        135.4546616953063,
                        34.70510788771075,
                        1
                    ],
                    [
                        135.4546362181451,
                        34.70513016873819,
                        1
                    ],
                    [
                        135.4546138219915,
                        34.70514761979741,
                        1
                    ],
                    [
                        135.4546084281259,
                        34.70515546780395,
                        1
                    ],
                    [
                        135.4545919467327,
                        34.70517510401646,
                        1
                    ],
                    [
                        135.4545914812067,
                        34.7051988120519,
                        1
                    ],
                    [
                        135.4545824688349,
                        34.70522552840141,
                        1
                    ],
                    [
                        135.4545745596654,
                        34.7052508819932,
                        1
                    ],
                    [
                        135.4545588357237,
                        34.70528368396747,
                        1
                    ],
                    [
                        135.4545458908538,
                        34.70530949673346,
                        1
                    ],
                    [
                        135.4545436292995,
                        34.70532429612057,
                        1
                    ],
                    [
                        135.4545426163248,
                        34.70535279878266,
                        1
                    ],
                    [
                        135.4545478103572,
                        34.7053777736578,
                        1
                    ],
                    [
                        135.4545473141976,
                        34.70540108891431,
                        1
                    ],
                    [
                        135.4545517977218,
                        34.70542483429588,
                        1
                    ],
                    [
                        135.4545567001879,
                        34.70545657649584,
                        1
                    ],
                    [
                        135.4545699780566,
                        34.70548221034776,
                        1
                    ],
                    [
                        135.4545855803773,
                        34.70550406421392,
                        1
                    ],
                    [
                        135.4545990482186,
                        34.7055354947209,
                        1
                    ],
                    [
                        135.454605382388,
                        34.70556295992374,
                        1
                    ],
                    [
                        135.4546146604446,
                        34.70558653806425,
                        1
                    ],
                    [
                        135.4546265735432,
                        34.70561065021187,
                        1
                    ],
                    [
                        135.4546433764389,
                        34.70563242644618,
                        1
                    ],
                    [
                        135.4546475046647,
                        34.70565120001278,
                        1
                    ],
                    [
                        135.4546410819561,
                        34.70567683648792,
                        1
                    ],
                    [
                        135.4546475301821,
                        34.70570326221198,
                        1
                    ],
                    [
                        135.4546591209354,
                        34.70572653911226,
                        1
                    ],
                    [
                        135.4546694762423,
                        34.70575477028789,
                        1
                    ],
                    [
                        135.4546735941493,
                        34.70578267283904,
                        1
                    ],
                    [
                        135.454654452535,
                        34.70579995759679,
                        1
                    ],
                    [
                        135.4546092757621,
                        34.70581461024071,
                        1
                    ],
                    [
                        135.4545765944676,
                        34.70582689421853,
                        1
                    ],
                    [
                        135.4545414280848,
                        34.70584111417643,
                        1
                    ],
                    [
                        135.4545067117338,
                        34.70585232602148,
                        1
                    ],
                    [
                        135.4544852113038,
                        34.70586529596293,
                        1
                    ],
                    [
                        135.4544554776693,
                        34.70587562021594,
                        1
                    ],
                    [
                        135.4544210924082,
                        34.70588998956048,
                        1
                    ],
                    [
                        135.4543960361157,
                        34.70590225349397,
                        1
                    ],
                    [
                        135.4543674845156,
                        34.70591821315026,
                        1
                    ],
                    [
                        135.4543207924554,
                        34.70592520253926,
                        1
                    ],
                    [
                        135.454292495881,
                        34.70594185539051,
                        1
                    ],
                    [
                        135.4542556932944,
                        34.7059514842819,
                        1
                    ],
                    [
                        135.4542277411563,
                        34.70596274283265,
                        1
                    ],
                    [
                        135.4541891396208,
                        34.70597258560298,
                        1
                    ],
                    [
                        135.4541672296224,
                        34.70599368162034,
                        1
                    ],
                    [
                        135.4541578716754,
                        34.70600509784128,
                        1
                    ],
                    [
                        135.4541225471896,
                        34.70601354822818,
                        1
                    ],
                    [
                        135.4540620280213,
                        34.70602513032372,
                        1
                    ],
                    [
                        135.4540549521019,
                        34.70603964678963,
                        1
                    ],
                    [
                        135.454029638261,
                        34.70605276086452,
                        1
                    ],
                    [
                        135.4540139599637,
                        34.70606965266696,
                        1
                    ],
                    [
                        135.4539935515424,
                        34.70608335514567,
                        1
                    ],
                    [
                        135.4539600343567,
                        34.70609771262608,
                        1
                    ],
                    [
                        135.4539303174039,
                        34.70611177074449,
                        1
                    ],
                    [
                        135.453901449642,
                        34.70612201226125,
                        1
                    ],
                    [
                        135.4538692382367,
                        34.70613749350931,
                        1
                    ],
                    [
                        135.453843501569,
                        34.70613979807741,
                        1
                    ],
                    [
                        135.4538439720442,
                        34.70615768076163,
                        1
                    ],
                    [
                        135.4538135240644,
                        34.70617907588274,
                        1
                    ],
                    [
                        135.4538295593986,
                        34.7061725085558,
                        1
                    ],
                    [
                        135.4538280210971,
                        34.70618684186444,
                        1
                    ],
                    [
                        135.4538234446909,
                        34.70620217207168,
                        1
                    ],
                    [
                        135.4538317582213,
                        34.70621092000552,
                        1
                    ],
                    [
                        135.4538571047785,
                        34.70621965911063,
                        1
                    ],
                    [
                        135.4538753115628,
                        34.70623874002473,
                        1
                    ],
                    [
                        135.4538893794407,
                        34.70625726930173,
                        1
                    ],
                    [
                        135.4539004476041,
                        34.70626933803247,
                        1
                    ],
                    [
                        135.453872549049,
                        34.70629027287932,
                        1
                    ],
                    [
                        135.453884114534,
                        34.7063084571263,
                        1
                    ],
                    [
                        135.453888715186,
                        34.70632720411571,
                        1
                    ],
                    [
                        135.4538809392337,
                        34.70634553048097,
                        1
                    ],
                    [
                        135.4538504508758,
                        34.7063592085493,
                        1
                    ],
                    [
                        135.4538285037875,
                        34.70636553084409,
                        1
                    ],
                    [
                        135.4537916849193,
                        34.70636095772832,
                        1
                    ],
                    [
                        135.453804705541,
                        34.70636286990419,
                        1
                    ],
                    [
                        135.4538209016248,
                        34.70637732979225,
                        1
                    ],
                    [
                        135.4538571635441,
                        34.70639653393132,
                        1
                    ],
                    [
                        135.4538940369458,
                        34.70640694976519,
                        1
                    ],
                    [
                        135.4539475911977,
                        34.70641768268501,
                        1
                    ],
                    [
                        135.4539798942537,
                        34.70642094238923,
                        1
                    ],
                    [
                        135.4540003945481,
                        34.7064334753301,
                        1
                    ],
                    [
                        135.4540252421916,
                        34.70645160128725,
                        1
                    ],
                    [
                        135.4540355139565,
                        34.70646309189659,
                        1
                    ],
                    [
                        135.4540518643759,
                        34.70647043298474,
                        1
                    ],
                    [
                        135.4540558945431,
                        34.70647910912474,
                        1
                    ],
                    [
                        135.4540801909405,
                        34.70650308998762,
                        1
                    ],
                    [
                        135.4541058294917,
                        34.70655254057276,
                        1
                    ],
                    [
                        135.4541245347157,
                        34.70659526461306,
                        1
                    ],
                    [
                        135.4541468708139,
                        34.70663117870907,
                        1
                    ],
                    [
                        135.4541765211372,
                        34.70667079329308,
                        1
                    ],
                    [
                        135.4541940716246,
                        34.70670543066231,
                        1
                    ],
                    [
                        135.4542224182894,
                        34.70673475394808,
                        1
                    ],
                    [
                        135.4542434307935,
                        34.70676374809602,
                        1
                    ],
                    [
                        135.4542684769835,
                        34.70678834187462,
                        1
                    ],
                    [
                        135.4542881938918,
                        34.70681431264836,
                        1
                    ],
                    [
                        135.4543131656723,
                        34.70683448436101,
                        1
                    ],
                    [
                        135.4543269532653,
                        34.70685818357644,
                        1
                    ],
                    [
                        135.4543450243738,
                        34.70688238881477,
                        1
                    ],
                    [
                        135.454366686252,
                        34.70690432874733,
                        1
                    ],
                    [
                        135.4543780433874,
                        34.70692956945098,
                        1
                    ],
                    [
                        135.4543940133721,
                        34.70695532608718,
                        1
                    ],
                    [
                        135.4544199353305,
                        34.70697412868977,
                        1
                    ],
                    [
                        135.4544406863035,
                        34.70699277216608,
                        1
                    ],
                    [
                        135.4544606011904,
                        34.70701336809858,
                        1
                    ],
                    [
                        135.4544773404536,
                        34.70703595916724,
                        1
                    ],
                    [
                        135.4544865434113,
                        34.70705377516274,
                        1
                    ],
                    [
                        135.4544856362887,
                        34.70706781658176,
                        1
                    ],
                    [
                        135.4544719602471,
                        34.70707688795012,
                        1
                    ],
                    [
                        135.4544279673793,
                        34.70709605339398,
                        1
                    ],
                    [
                        135.454394876118,
                        34.70711370111925,
                        1
                    ],
                    [
                        135.454394059552,
                        34.70714758053384,
                        1
                    ],
                    [
                        135.4544117116495,
                        34.70717478650617,
                        1
                    ],
                    [
                        135.4544292253574,
                        34.70719934232556,
                        1
                    ],
                    [
                        135.4544423753717,
                        34.70723003616369,
                        1
                    ],
                    [
                        135.4544220736424,
                        34.70725616262028,
                        1
                    ],
                    [
                        135.4543818356164,
                        34.70726894196554,
                        1
                    ],
                    [
                        135.4543534843425,
                        34.70728376944179,
                        1
                    ],
                    [
                        135.4543188130841,
                        34.70729597329805,
                        1
                    ],
                    [
                        135.4542901802124,
                        34.70731315073778,
                        1
                    ],
                    [
                        135.4542590057773,
                        34.70733234982846,
                        1
                    ],
                    [
                        135.4542221936474,
                        34.70734340773056,
                        1
                    ],
                    [
                        135.4541823575877,
                        34.70733695984651,
                        1
                    ],
                    [
                        135.4541537491405,
                        34.70731741026658,
                        1
                    ],
                    [
                        135.4541405398568,
                        34.7072862394727,
                        1
                    ],
                    [
                        135.4541273891702,
                        34.70725905679976,
                        1
                    ],
                    [
                        135.4541120425357,
                        34.70723578318457,
                        1
                    ],
                    [
                        135.4540977042119,
                        34.70721634679314,
                        1
                    ],
                    [
                        135.454081609625,
                        34.70719045373144,
                        1
                    ],
                    [
                        135.4540692079115,
                        34.70715928347946,
                        1
                    ],
                    [
                        135.4540506593848,
                        34.70713249870374,
                        1
                    ],
                    [
                        135.4540306245619,
                        34.70710717729823,
                        1
                    ],
                    [
                        135.4540172437717,
                        34.70708350086999,
                        1
                    ],
                    [
                        135.4540012792155,
                        34.70705433140508,
                        1
                    ],
                    [
                        135.4539776179471,
                        34.70703000063269,
                        1
                    ],
                    [
                        135.4539646311959,
                        34.70700182809768,
                        1
                    ],
                    [
                        135.4539606373738,
                        34.70697577838577,
                        1
                    ],
                    [
                        135.4539543095697,
                        34.70696343063372,
                        1
                    ],
                    [
                        135.4539399757106,
                        34.70693427445443,
                        1
                    ],
                    [
                        135.4539372528723,
                        34.70690283062864,
                        1
                    ],
                    [
                        135.4539309432294,
                        34.70687644857417,
                        1
                    ],
                    [
                        135.4539141806132,
                        34.70685258146371,
                        1
                    ],
                    [
                        135.4538980274021,
                        34.70683792457844,
                        1
                    ],
                    [
                        135.4538964772772,
                        34.70682277144403,
                        1
                    ],
                    [
                        135.4538802431769,
                        34.70681452388588,
                        1
                    ],
                    [
                        135.4538540084972,
                        34.70681108011578,
                        1
                    ],
                    [
                        135.4538256117987,
                        34.70679759808761,
                        1
                    ],
                    [
                        135.4538036352377,
                        34.7067863923965,
                        1
                    ],
                    [
                        135.4537846514684,
                        34.70676076518956,
                        1
                    ],
                    [
                        135.4537660560839,
                        34.70675950706881,
                        1
                    ],
                    [
                        135.4537583735974,
                        34.70672758212132,
                        1
                    ],
                    [
                        135.4537527121232,
                        34.70671669997462,
                        1
                    ],
                    [
                        135.4537564782701,
                        34.70668916396703,
                        1
                    ],
                    [
                        135.4537232658827,
                        34.70666189575986,
                        1
                    ],
                    [
                        135.4537006550722,
                        34.70661257784167,
                        1
                    ],
                    [
                        135.453647766431,
                        34.70659840672121,
                        1
                    ],
                    [
                        135.453604008407,
                        34.70654742275339,
                        1
                    ],
                    [
                        135.4535878206002,
                        34.70648016432067,
                        1
                    ],
                    [
                        135.4535796805848,
                        34.70641956019411,
                        1
                    ],
                    [
                        135.4535571491138,
                        34.70637806697266,
                        1
                    ],
                    [
                        135.4535704983517,
                        34.70634273706696,
                        1
                    ],
                    [
                        135.4535677093768,
                        34.70632327039448,
                        1
                    ],
                    [
                        135.453553399179,
                        34.70633096945399,
                        1
                    ],
                    [
                        135.453546211997,
                        34.70631964674826,
                        1
                    ],
                    [
                        135.4535641047258,
                        34.70631393804467,
                        1
                    ],
                    [
                        135.4535806488685,
                        34.70629725330682,
                        1
                    ],
                    [
                        135.4535533921757,
                        34.70627936601021,
                        1
                    ],
                    [
                        135.4535488424153,
                        34.70625531842219,
                        1
                    ],
                    [
                        135.4535302786794,
                        34.70623910762139,
                        1
                    ],
                    [
                        135.4535478141943,
                        34.70623452232527,
                        1
                    ],
                    [
                        135.4535499740387,
                        34.70621343475337,
                        1
                    ],
                    [
                        135.4535542365047,
                        34.70620103063715,
                        1
                    ],
                    [
                        135.4535426056874,
                        34.7061825506644,
                        1
                    ],
                    [
                        135.4535170538529,
                        34.70618535275943,
                        1
                    ],
                    [
                        135.4535006001288,
                        34.70618361374765,
                        1
                    ],
                    [
                        135.4534811856079,
                        34.7061855935385,
                        1
                    ],
                    [
                        135.4534625743099,
                        34.70619381648679,
                        1
                    ],
                    [
                        135.4534387349584,
                        34.7061732175915,
                        1
                    ],
                    [
                        135.4534204365011,
                        34.70614118534596,
                        1
                    ],
                    [
                        135.4534095598468,
                        34.70611871927251,
                        1
                    ],
                    [
                        135.4533852522822,
                        34.70609700805909,
                        1
                    ],
                    [
                        135.4533717514721,
                        34.70607743271879,
                        1
                    ],
                    [
                        135.4533636691502,
                        34.70605905970579,
                        1
                    ],
                    [
                        135.4533497317577,
                        34.70604636512716,
                        1
                    ],
                    [
                        135.4533422451315,
                        34.70602751323401,
                        1
                    ],
                    [
                        135.4533271608757,
                        34.70600754075704,
                        1
                    ],
                    [
                        135.45331136188,
                        34.70598641584058,
                        1
                    ],
                    [
                        135.4532984256158,
                        34.70597781918688,
                        1
                    ],
                    [
                        135.4532760717061,
                        34.70596625480665,
                        1
                    ],
                    [
                        135.4532422641434,
                        34.70595618951484,
                        1
                    ],
                    [
                        135.4532108791366,
                        34.70594281651029,
                        1
                    ],
                    [
                        135.4531765055725,
                        34.70593493229253,
                        1
                    ],
                    [
                        135.4531439291816,
                        34.70591620396778,
                        1
                    ],
                    [
                        135.4531133442538,
                        34.70590010998048,
                        1
                    ],
                    [
                        135.4530766723586,
                        34.70588915899597,
                        1
                    ],
                    [
                        135.4530415674528,
                        34.70587787768245,
                        1
                    ],
                    [
                        135.4530137216908,
                        34.70586483316026,
                        1
                    ],
                    [
                        135.4529845262065,
                        34.7058531308703,
                        1
                    ],
                    [
                        135.4529514218716,
                        34.70584455039779,
                        1
                    ],
                    [
                        135.4529255991049,
                        34.70584069325527,
                        1
                    ],
                    [
                        135.452902460724,
                        34.70584333773106,
                        1
                    ],
                    [
                        135.4528850323246,
                        34.70583042913793,
                        1
                    ],
                    [
                        135.4528713806209,
                        34.7058258931123,
                        1
                    ],
                    [
                        135.4528625346525,
                        34.70582014591205,
                        1
                    ],
                    [
                        135.4528309510992,
                        34.70581227679997,
                        1
                    ],
                    [
                        135.4527989584257,
                        34.70581833740009,
                        1
                    ],
                    [
                        135.4527692389227,
                        34.70580766028502,
                        1
                    ],
                    [
                        135.452743525778,
                        34.70580207950882,
                        1
                    ],
                    [
                        135.4527156356724,
                        34.70579602948044,
                        1
                    ],
                    [
                        135.4526823337075,
                        34.70579813899166,
                        1
                    ],
                    [
                        135.452644664339,
                        34.70579461880651,
                        1
                    ],
                    [
                        135.452611115084,
                        34.70578934339934,
                        1
                    ],
                    [
                        135.4525768626364,
                        34.70578357152023,
                        1
                    ],
                    [
                        135.4525428788845,
                        34.70577323971515,
                        1
                    ],
                    [
                        135.4525045179194,
                        34.70576598134782,
                        1
                    ],
                    [
                        135.4524810867536,
                        34.70574896817961,
                        1
                    ],
                    [
                        135.4524957446578,
                        34.705743517703,
                        1
                    ],
                    [
                        135.4524895801453,
                        34.70572739621824,
                        1
                    ],
                    [
                        135.4524999822544,
                        34.70573233473677,
                        1
                    ],
                    [
                        135.4524899884713,
                        34.70573605586132,
                        1
                    ],
                    [
                        135.4524552699294,
                        34.70573502838236,
                        1
                    ],
                    [
                        135.452419317974,
                        34.70575012948541,
                        1
                    ],
                    [
                        135.4523954537947,
                        34.7057499793732,
                        1
                    ],
                    [
                        135.4523662818452,
                        34.70574477116953,
                        1
                    ],
                    [
                        135.4523273142835,
                        34.70574845635912,
                        1
                    ],
                    [
                        135.4522940600167,
                        34.70573915960166,
                        1
                    ],
                    [
                        135.4522664047609,
                        34.70573681838861,
                        1
                    ],
                    [
                        135.4522353428728,
                        34.70573447096274,
                        1
                    ],
                    [
                        135.4522440504669,
                        34.70574029911788,
                        1
                    ],
                    [
                        135.4522061218512,
                        34.70573726705904,
                        1
                    ],
                    [
                        135.4521664394438,
                        34.70573753921574,
                        1
                    ],
                    [
                        135.4521398576691,
                        34.70574529385244,
                        1
                    ],
                    [
                        135.4521066142907,
                        34.70574428963494,
                        1
                    ],
                    [
                        135.4520770968837,
                        34.70574665440845,
                        1
                    ],
                    [
                        135.452046734093,
                        34.70575006778994,
                        1
                    ],
                    [
                        135.4520194863027,
                        34.70574799740956,
                        1
                    ],
                    [
                        135.4520005923937,
                        34.70576064545639,
                        1
                    ],
                    [
                        135.4519755137386,
                        34.7057755718868,
                        1
                    ],
                    [
                        135.4519322541607,
                        34.70578695951743,
                        1
                    ],
                    [
                        135.4519026351054,
                        34.70579906103436,
                        1
                    ],
                    [
                        135.4518628366362,
                        34.7058059635083,
                        1
                    ],
                    [
                        135.4518296600326,
                        34.70580903226954,
                        1
                    ],
                    [
                        135.4517931365813,
                        34.70581144304029,
                        1
                    ],
                    [
                        135.4517578971966,
                        34.70581142854702,
                        1
                    ],
                    [
                        135.4517195336649,
                        34.70580902872298,
                        1
                    ],
                    [
                        135.4516820494888,
                        34.70580274002943,
                        1
                    ],
                    [
                        135.4516498750521,
                        34.70580346396708,
                        1
                    ],
                    [
                        135.4516112596814,
                        34.70579541276938,
                        1
                    ],
                    [
                        135.4515804327314,
                        34.70579469617712,
                        1
                    ],
                    [
                        135.4515453285724,
                        34.70578750233716,
                        1
                    ],
                    [
                        135.4515112380041,
                        34.70578218150495,
                        1
                    ],
                    [
                        135.4514796183141,
                        34.70577044819674,
                        1
                    ],
                    [
                        135.451448447349,
                        34.70576526575807,
                        1
                    ],
                    [
                        135.4514189763414,
                        34.70575378830742,
                        1
                    ],
                    [
                        135.4513889494451,
                        34.70573623235546,
                        1
                    ],
                    [
                        135.4513608025713,
                        34.70572086843227,
                        1
                    ],
                    [
                        135.4513279174701,
                        34.70570471958853,
                        1
                    ],
                    [
                        135.4512985849947,
                        34.70569363580115,
                        1
                    ],
                    [
                        135.4512714039237,
                        34.70568178778768,
                        1
                    ],
                    [
                        135.4512460256095,
                        34.70567205032663,
                        1
                    ],
                    [
                        135.4512108632465,
                        34.70565995851723,
                        1
                    ],
                    [
                        135.4511920026411,
                        34.70565387569394,
                        1
                    ],
                    [
                        135.4511684329163,
                        34.70564830847612,
                        1
                    ],
                    [
                        135.4511383327468,
                        34.70564505074862,
                        1
                    ],
                    [
                        135.4511106727594,
                        34.70563803800952,
                        1
                    ],
                    [
                        135.4510792900506,
                        34.70563097862158,
                        1
                    ],
                    [
                        135.451052586237,
                        34.70562366524601,
                        1
                    ],
                    [
                        135.4510262619869,
                        34.70561082219638,
                        1
                    ],
                    [
                        135.4510004912292,
                        34.70560090937379,
                        1
                    ],
                    [
                        135.45097570902,
                        34.7055898476584,
                        1
                    ],
                    [
                        135.4509610659434,
                        34.7055833160836,
                        1
                    ],
                    [
                        135.4509620267395,
                        34.70559408865766,
                        1
                    ],
                    [
                        135.4509752307126,
                        34.70559407595004,
                        1
                    ],
                    [
                        135.4509546122866,
                        34.70559862354004,
                        1
                    ],
                    [
                        135.4509206873388,
                        34.70560248311128,
                        1
                    ],
                    [
                        135.4508874339493,
                        34.70559643094694,
                        1
                    ],
                    [
                        135.4508543292649,
                        34.70559557797246,
                        1
                    ],
                    [
                        135.4508189849877,
                        34.70559642196344,
                        1
                    ],
                    [
                        135.4507833272266,
                        34.7055914517227,
                        1
                    ],
                    [
                        135.4507469879823,
                        34.70558977202521,
                        1
                    ],
                    [
                        135.4507192627435,
                        34.70558692943735,
                        1
                    ],
                    [
                        135.4506861457818,
                        34.7055837453631,
                        1
                    ],
                    [
                        135.4506516834506,
                        34.70558025463123,
                        1
                    ],
                    [
                        135.4506180564417,
                        34.70557748814976,
                        1
                    ],
                    [
                        135.4505812295471,
                        34.70557078375956,
                        1
                    ],
                    [
                        135.4505491440301,
                        34.70555853799564,
                        1
                    ],
                    [
                        135.4505098731183,
                        34.70555309382591,
                        1
                    ],
                    [
                        135.4504735827878,
                        34.70555171133854,
                        1
                    ],
                    [
                        135.4504335255073,
                        34.70555182715431,
                        1
                    ],
                    [
                        135.4503940310671,
                        34.70555194250152,
                        1
                    ],
                    [
                        135.4503611239785,
                        34.70554076070115,
                        1
                    ],
                    [
                        135.4503234168486,
                        34.70553781680566,
                        1
                    ],
                    [
                        135.4502830933672,
                        34.70553721176335,
                        1
                    ],
                    [
                        135.4502463756677,
                        34.70553295712863,
                        1
                    ],
                    [
                        135.4502047199384,
                        34.70553498333783,
                        1
                    ],
                    [
                        135.4501657309685,
                        34.70553030704637,
                        1
                    ],
                    [
                        135.4501323205477,
                        34.70552757321136,
                        1
                    ],
                    [
                        135.4500926447229,
                        34.70552373367473,
                        1
                    ],
                    [
                        135.4500617004292,
                        34.70552923408236,
                        1
                    ],
                    [
                        135.4500455028683,
                        34.70554546693646,
                        1
                    ],
                    [
                        135.4500486729223,
                        34.70556908064434,
                        1
                    ],
                    [
                        135.4500512132905,
                        34.70559343679388,
                        1
                    ],
                    [
                        135.4500572348334,
                        34.70561346718987,
                        1
                    ],
                    [
                        135.4500881132554,
                        34.70562086886381,
                        1
                    ],
                    [
                        135.4501295757735,
                        34.70561660598919,
                        1
                    ],
                    [
                        135.4501621704425,
                        34.70561632994744,
                        1
                    ],
                    [
                        135.4501978526862,
                        34.70561780744374,
                        1
                    ],
                    [
                        135.4502341333402,
                        34.70561855037336,
                        1
                    ],
                    [
                        135.4502717304849,
                        34.70561902205326,
                        1
                    ],
                    [
                        135.4503043781937,
                        34.70563008720382,
                        1
                    ],
                    [
                        135.4503067180936,
                        34.70566222914795,
                        1
                    ],
                    [
                        135.4503151649061,
                        34.70568587461938,
                        1
                    ],
                    [
                        135.4503580124795,
                        34.70569159119071,
                        1
                    ],
                    [
                        135.4503984864303,
                        34.70569733032809,
                        1
                    ],
                    [
                        135.4504338089239,
                        34.70571044476481,
                        1
                    ],
                    [
                        135.4504742154787,
                        34.70571640299501,
                        1
                    ],
                    [
                        135.4505170315994,
                        34.70572188733463,
                        1
                    ],
                    [
                        135.4505494255528,
                        34.70573133538868,
                        1
                    ],
                    [
                        135.4505849534541,
                        34.70574152404212,
                        1
                    ],
                    [
                        135.4506130517,
                        34.70576646867894,
                        1
                    ],
                    [
                        135.450634147409,
                        34.70579912562427,
                        1
                    ],
                    [
                        135.4506417781256,
                        34.70583033344995,
                        1
                    ],
                    [
                        135.4506581598841,
                        34.70585846807852,
                        1
                    ],
                    [
                        135.4506782886576,
                        34.70588335494573,
                        1
                    ],
                    [
                        135.4506915651993,
                        34.70590760469901,
                        1
                    ],
                    [
                        135.450694707932,
                        34.70593682127551,
                        1
                    ],
                    [
                        135.4507079721714,
                        34.70595767315206,
                        1
                    ],
                    [
                        135.4507226538983,
                        34.70597569640101,
                        1
                    ],
                    [
                        135.4507110351207,
                        34.70597716711168,
                        1
                    ],
                    [
                        135.4507122278555,
                        34.70598864739991,
                        1
                    ],
                    [
                        135.4507218546555,
                        34.70600477344338,
                        1
                    ],
                    [
                        135.4507100827758,
                        34.70598844745405,
                        1
                    ],
                    [
                        135.4506952408545,
                        34.70596203328553,
                        1
                    ],
                    [
                        135.450680016531,
                        34.70593612633329,
                        1
                    ],
                    [
                        135.4506565647997,
                        34.7059095926073,
                        1
                    ],
                    [
                        135.450633679092,
                        34.70587394215936,
                        1
                    ],
                    [
                        135.4506229911794,
                        34.70584314545672,
                        1
                    ],
                    [
                        135.4506020915933,
                        34.70582163114856,
                        1
                    ],
                    [
                        135.4505781664868,
                        34.70578981272044,
                        1
                    ],
                    [
                        135.4505722219801,
                        34.70575920882921,
                        1
                    ],
                    [
                        135.4505525662856,
                        34.70574175276317,
                        1
                    ],
                    [
                        135.4505113381137,
                        34.70573313021902,
                        1
                    ],
                    [
                        135.4504700949433,
                        34.70572434619464,
                        1
                    ],
                    [
                        135.450437586632,
                        34.70571922788533,
                        1
                    ],
                    [
                        135.4504019917973,
                        34.7057109866417,
                        1
                    ],
                    [
                        135.4503711839747,
                        34.7057041431037,
                        1
                    ],
                    [
                        135.4503476566655,
                        34.70569800125309,
                        1
                    ],
                    [
                        135.4503149195188,
                        34.70569091830773,
                        1
                    ],
                    [
                        135.4502973233401,
                        34.70567563561105,
                        1
                    ],
                    [
                        135.45029258662,
                        34.70564123814324,
                        1
                    ],
                    [
                        135.4502867617011,
                        34.70561510572634,
                        1
                    ],
                    [
                        135.4502503943517,
                        34.70560526274984,
                        1
                    ],
                    [
                        135.4502129459519,
                        34.70559875073175,
                        1
                    ],
                    [
                        135.4501759611346,
                        34.7055925853497,
                        1
                    ],
                    [
                        135.4501455221064,
                        34.70558680596158,
                        1
                    ],
                    [
                        135.4501143063065,
                        34.70558393727929,
                        1
                    ],
                    [
                        135.4500907037186,
                        34.70558274293361,
                        1
                    ],
                    [
                        135.4500634240368,
                        34.7055786992731,
                        1
                    ],
                    [
                        135.4500403704607,
                        34.70556788657122,
                        1
                    ],
                    [
                        135.4500350502773,
                        34.70554152581423,
                        1
                    ],
                    [
                        135.4500553289651,
                        34.70550984897606,
                        1
                    ],
                    [
                        135.450046612821,
                        34.7054848852369,
                        1
                    ],
                    [
                        135.4500391525685,
                        34.70546867192837,
                        1
                    ],
                    [
                        135.4500279871106,
                        34.70546131309885,
                        1
                    ],
                    [
                        135.4500173594018,
                        34.70545915926201,
                        1
                    ],
                    [
                        135.4499948763526,
                        34.70545322024397,
                        1
                    ],
                    [
                        135.449983443481,
                        34.70544838690022,
                        1
                    ],
                    [
                        135.4499832386313,
                        34.70543854220261,
                        1
                    ],
                    [
                        135.4499667058309,
                        34.70542600605048,
                        1
                    ],
                    [
                        135.4499616753647,
                        34.70541786879095,
                        1
                    ],
                    [
                        135.4499434564668,
                        34.70541733832473,
                        1
                    ],
                    [
                        135.4499205595216,
                        34.7054178880303,
                        1
                    ],
                    [
                        135.4498953971354,
                        34.70541337179139,
                        1
                    ],
                    [
                        135.4498741387661,
                        34.70540488927931,
                        1
                    ],
                    [
                        135.4498583664181,
                        34.70539112054255,
                        1
                    ],
                    [
                        135.4498553042144,
                        34.70536509289121,
                        1
                    ],
                    [
                        135.4498694429191,
                        34.70533460477863,
                        1
                    ],
                    [
                        135.4498826029298,
                        34.70531115153906,
                        1
                    ],
                    [
                        135.4498872086713,
                        34.70528083873268,
                        1
                    ],
                    [
                        135.4498865023143,
                        34.70525356376668,
                        1
                    ],
                    [
                        135.4498871670605,
                        34.70522931466934,
                        1
                    ],
                    [
                        135.4498760892147,
                        34.70520900810651,
                        1
                    ],
                    [
                        135.4498623565296,
                        34.7052026444049,
                        1
                    ],
                    [
                        135.4498629517687,
                        34.70518364314799,
                        1
                    ],
                    [
                        135.4498732269395,
                        34.70517810483138,
                        1
                    ],
                    [
                        135.4498799332939,
                        34.70516371006164,
                        1
                    ],
                    [
                        135.4498828424096,
                        34.70514773520346,
                        1
                    ],
                    [
                        135.4498736433746,
                        34.70515805148159,
                        1
                    ],
                    [
                        135.4498519066553,
                        34.705149939332,
                        1
                    ],
                    [
                        135.4498604274018,
                        34.70512444770272,
                        1
                    ],
                    [
                        135.4498786698981,
                        34.70510452858687,
                        1
                    ],
                    [
                        135.4499023663834,
                        34.70509627672741,
                        1
                    ],
                    [
                        135.4499322568176,
                        34.70508467013423,
                        1
                    ],
                    [
                        135.4499600754684,
                        34.70507038948386,
                        1
                    ],
                    [
                        135.4499797273971,
                        34.70506018544807,
                        1
                    ],
                    [
                        135.4499955374629,
                        34.70503867920542,
                        1
                    ],
                    [
                        135.4500155744898,
                        34.70501518159054,
                        1
                    ],
                    [
                        135.4500321251118,
                        34.70498107449536,
                        1
                    ],
                    [
                        135.4500463012785,
                        34.70495966320919,
                        1
                    ],
                    [
                        135.4500507593485,
                        34.70493250802495,
                        1
                    ],
                    [
                        135.4500581954476,
                        34.70491021504377,
                        1
                    ],
                    [
                        135.4500672873835,
                        34.70488960500477,
                        1
                    ],
                    [
                        135.4500755122168,
                        34.70487174290879,
                        1
                    ],
                    [
                        135.4500835744243,
                        34.70486301313909,
                        1
                    ],
                    [
                        135.4501185060418,
                        34.70486641333552,
                        1
                    ],
                    [
                        135.4501290758054,
                        34.70485381265659,
                        1
                    ],
                    [
                        135.4501336425822,
                        34.70483715251125,
                        1
                    ],
                    [
                        135.450130012678,
                        34.70481783426678,
                        1
                    ],
                    [
                        135.4501261944592,
                        34.70480370185852,
                        1
                    ],
                    [
                        135.4501187577157,
                        34.70477442666757,
                        1
                    ],
                    [
                        135.4501000160458,
                        34.70475681148113,
                        1
                    ],
                    [
                        135.4500933800452,
                        34.70473768622781,
                        1
                    ],
                    [
                        135.4500724292933,
                        34.70471934403339,
                        1
                    ],
                    [
                        135.4500568551541,
                        34.70469371344696,
                        1
                    ],
                    [
                        135.4500409167303,
                        34.70467392678053,
                        1
                    ],
                    [
                        135.4500165325497,
                        34.70464489487728,
                        1
                    ],
                    [
                        135.45000043187,
                        34.70461776956618,
                        1
                    ],
                    [
                        135.4499844141129,
                        34.70458808226316,
                        1
                    ],
                    [
                        135.4499704906372,
                        34.70455034778195,
                        1
                    ],
                    [
                        135.4499503264317,
                        34.7045221544842,
                        1
                    ],
                    [
                        135.4499371195293,
                        34.7045024453291,
                        1
                    ],
                    [
                        135.4499119017552,
                        34.70448017310211,
                        1
                    ],
                    [
                        135.4498944199192,
                        34.70446480929291,
                        1
                    ],
                    [
                        135.449873385145,
                        34.70444469506265,
                        1
                    ],
                    [
                        135.4498560202438,
                        34.70442170407086,
                        1
                    ],
                    [
                        135.4498337752321,
                        34.70439665898865,
                        1
                    ],
                    [
                        135.4498114820142,
                        34.70436837517955,
                        1
                    ],
                    [
                        135.4497942482257,
                        34.70434858805374,
                        1
                    ],
                    [
                        135.4497715313865,
                        34.70432941207838,
                        1
                    ],
                    [
                        135.4497546807627,
                        34.70431615146099,
                        1
                    ],
                    [
                        135.4497263456041,
                        34.7043212472462,
                        1
                    ],
                    [
                        135.4497127396294,
                        34.70431831124304,
                        1
                    ],
                    [
                        135.4497084096832,
                        34.70428522505281,
                        1
                    ],
                    [
                        135.4496943244372,
                        34.7042498877781,
                        1
                    ],
                    [
                        135.4496750296387,
                        34.70422545656336,
                        1
                    ],
                    [
                        135.4496634461757,
                        34.70420724277184,
                        1
                    ],
                    [
                        135.4496617470822,
                        34.7041842494774,
                        1
                    ],
                    [
                        135.4496650112477,
                        34.70414289030982,
                        1
                    ],
                    [
                        135.4496521749801,
                        34.7041260886085,
                        1
                    ],
                    [
                        135.4496481211945,
                        34.70409314953056,
                        1
                    ],
                    [
                        135.449645985897,
                        34.70406889816455,
                        1
                    ],
                    [
                        135.4496456341378,
                        34.704040863177,
                        1
                    ],
                    [
                        135.4496350913666,
                        34.70401947254268,
                        1
                    ],
                    [
                        135.4496210001106,
                        34.70399772285867,
                        1
                    ],
                    [
                        135.4496076594302,
                        34.7039732247359,
                        1
                    ],
                    [
                        135.4495995948576,
                        34.70394855413919,
                        1
                    ],
                    [
                        135.4495869182695,
                        34.70392613585669,
                        1
                    ],
                    [
                        135.4495693767463,
                        34.70392032262883,
                        1
                    ],
                    [
                        135.4495619891615,
                        34.7039056435316,
                        1
                    ],
                    [
                        135.4495527011804,
                        34.70387685989076,
                        1
                    ],
                    [
                        135.4495452782596,
                        34.70384486630699,
                        1
                    ],
                    [
                        135.4495328625977,
                        34.70381044377486,
                        1
                    ],
                    [
                        135.4495271436337,
                        34.70378754915198,
                        1
                    ],
                    [
                        135.4495089084329,
                        34.70375612332146,
                        1
                    ],
                    [
                        135.4494820043058,
                        34.70373881982642,
                        1
                    ],
                    [
                        135.4494735559987,
                        34.70371247645402,
                        1
                    ],
                    [
                        135.449464838365,
                        34.7036878579323,
                        1
                    ],
                    [
                        135.4494470764888,
                        34.70365464581894,
                        1
                    ],
                    [
                        135.4494412119087,
                        34.7036344514699,
                        1
                    ],
                    [
                        135.4494255564528,
                        34.70360352847662,
                        1
                    ],
                    [
                        135.4494129536583,
                        34.70358739315561,
                        1
                    ],
                    [
                        135.4494105884419,
                        34.70356592879773,
                        1
                    ],
                    [
                        135.449409702316,
                        34.70354886795694,
                        1
                    ],
                    [
                        135.4493923015227,
                        34.70353628573016,
                        1
                    ],
                    [
                        135.4493870950914,
                        34.70351260535931,
                        1
                    ],
                    [
                        135.4493834334389,
                        34.70349235945015,
                        1
                    ],
                    [
                        135.4493796294079,
                        34.70345436793621,
                        1
                    ],
                    [
                        135.4493767491977,
                        34.7034323120003,
                        1
                    ],
                    [
                        135.4493647492464,
                        34.70341220972117,
                        1
                    ],
                    [
                        135.4493582090322,
                        34.70338955418772,
                        1
                    ],
                    [
                        135.4493479491255,
                        34.70335560621299,
                        1
                    ],
                    [
                        135.4493436038479,
                        34.70333970171432,
                        1
                    ],
                    [
                        135.4493364521846,
                        34.70331150489569,
                        1
                    ],
                    [
                        135.4493381908237,
                        34.70328619407563,
                        1
                    ],
                    [
                        135.4493202627173,
                        34.70326440508113,
                        1
                    ],
                    [
                        135.4493126193382,
                        34.70325399718139,
                        1
                    ],
                    [
                        135.4493063612325,
                        34.70323847466397,
                        1
                    ],
                    [
                        135.4492905148242,
                        34.7032191371957,
                        1
                    ],
                    [
                        135.4492666167791,
                        34.70319475853602,
                        1
                    ],
                    [
                        135.4492783743576,
                        34.70317401566448,
                        1
                    ],
                    [
                        135.4492790756117,
                        34.70316446085261,
                        1
                    ],
                    [
                        135.44925587128,
                        34.70314566566518,
                        1
                    ],
                    [
                        135.4492320988236,
                        34.70312168576302,
                        1
                    ],
                    [
                        135.4492197648742,
                        34.70310218169949,
                        1
                    ],
                    [
                        135.4492032538433,
                        34.70308397731777,
                        1
                    ],
                    [
                        135.449187763664,
                        34.70306099470967,
                        1
                    ],
                    [
                        135.4491692246667,
                        34.70303542209916,
                        1
                    ],
                    [
                        135.4491550415551,
                        34.70301273231132,
                        1
                    ],
                    [
                        135.4491323297086,
                        34.70299300394441,
                        1
                    ],
                    [
                        135.4491126485808,
                        34.70295887796581,
                        1
                    ],
                    [
                        135.4490894294396,
                        34.70293885027367,
                        1
                    ],
                    [
                        135.4490657100901,
                        34.70292012338205,
                        1
                    ],
                    [
                        135.4490408763484,
                        34.70288892677739,
                        1
                    ],
                    [
                        135.4490164684657,
                        34.70286749630352,
                        1
                    ],
                    [
                        135.4489965612797,
                        34.70284261529181,
                        1
                    ],
                    [
                        135.4489830664782,
                        34.70282351133385,
                        1
                    ],
                    [
                        135.448957742246,
                        34.70280697609748,
                        1
                    ],
                    [
                        135.448935772377,
                        34.70278246195516,
                        1
                    ],
                    [
                        135.4489218124029,
                        34.70276664161558,
                        1
                    ],
                    [
                        135.4489058236828,
                        34.70275657976482,
                        1
                    ],
                    [
                        135.4489191794996,
                        34.70276129868893,
                        1
                    ],
                    [
                        135.4489273356095,
                        34.70274752453773,
                        1
                    ],
                    [
                        135.4489231289069,
                        34.70273286370683,
                        1
                    ],
                    [
                        135.4489102052311,
                        34.70271492860589,
                        1
                    ],
                    [
                        135.4489026396188,
                        34.70269236645501,
                        1
                    ],
                    [
                        135.4488931213436,
                        34.7026673975332,
                        1
                    ],
                    [
                        135.448871527678,
                        34.70264869052105,
                        1
                    ],
                    [
                        135.4488571151233,
                        34.70263203250478,
                        1
                    ],
                    [
                        135.4488518847116,
                        34.70261807811749,
                        1
                    ],
                    [
                        135.4488454837087,
                        34.70260439088656,
                        1
                    ],
                    [
                        135.4488405506865,
                        34.70258758136096,
                        1
                    ],
                    [
                        135.4488330293804,
                        34.70257187134497,
                        1
                    ],
                    [
                        135.4488205319891,
                        34.70256519180438,
                        1
                    ],
                    [
                        135.4488044527423,
                        34.70256246614243,
                        1
                    ],
                    [
                        135.4487806837481,
                        34.70256032253116,
                        1
                    ],
                    [
                        135.4487627605794,
                        34.70253851919537,
                        1
                    ],
                    [
                        135.4487624751325,
                        34.70250951078414,
                        1
                    ],
                    [
                        135.4487433860238,
                        34.70250155539622,
                        1
                    ],
                    [
                        135.4487239249894,
                        34.70248109113195,
                        1
                    ],
                    [
                        135.448697845905,
                        34.70246081517509,
                        1
                    ],
                    [
                        135.4487134301671,
                        34.70242496577328,
                        1
                    ],
                    [
                        135.4486883264822,
                        34.70240618643081,
                        1
                    ],
                    [
                        135.4486745930145,
                        34.70238072797219,
                        1
                    ],
                    [
                        135.4486462862034,
                        34.70235557749917,
                        1
                    ],
                    [
                        135.4486170539657,
                        34.70232524538319,
                        1
                    ],
                    [
                        135.4485890892202,
                        34.70230114393077,
                        1
                    ],
                    [
                        135.4485721998439,
                        34.70227921433685,
                        1
                    ],
                    [
                        135.4485546346301,
                        34.7022577651848,
                        1
                    ],
                    [
                        135.448549844596,
                        34.70223373280368,
                        1
                    ],
                    [
                        135.4485229566272,
                        34.70221338084929,
                        1
                    ],
                    [
                        135.4485041357346,
                        34.70218848653028,
                        1
                    ],
                    [
                        135.4484834835937,
                        34.70217654576998,
                        1
                    ],
                    [
                        135.4484633668139,
                        34.70216275333534,
                        1
                    ],
                    [
                        135.4484278804848,
                        34.70214435419211,
                        1
                    ],
                    [
                        135.4484224814688,
                        34.70211413963528,
                        1
                    ],
                    [
                        135.4484054193218,
                        34.70208928890656,
                        1
                    ],
                    [
                        135.4483891878695,
                        34.70206782214714,
                        1
                    ],
                    [
                        135.4483725407296,
                        34.70204502228092,
                        1
                    ],
                    [
                        135.4483579497586,
                        34.70201216624128,
                        1
                    ],
                    [
                        135.4483333624885,
                        34.7019983497619,
                        1
                    ],
                    [
                        135.4483132042448,
                        34.70196780296897,
                        1
                    ],
                    [
                        135.4482878949333,
                        34.70194402177384,
                        1
                    ],
                    [
                        135.4482677910931,
                        34.70192190015494,
                        1
                    ],
                    [
                        135.4482540573651,
                        34.70190336093761,
                        1
                    ],
                    [
                        135.4482416022309,
                        34.70188377834992,
                        1
                    ],
                    [
                        135.4482271408842,
                        34.70185733110991,
                        1
                    ],
                    [
                        135.4482128948739,
                        34.70183106953058,
                        1
                    ],
                    [
                        135.4481909996604,
                        34.70180882774125,
                        1
                    ],
                    [
                        135.4481717427723,
                        34.70178937346205,
                        1
                    ],
                    [
                        135.448143277896,
                        34.70176153604772,
                        1
                    ],
                    [
                        135.4481234538238,
                        34.70173940862581,
                        1
                    ],
                    [
                        135.4481004264129,
                        34.70171522411826,
                        1
                    ],
                    [
                        135.4480923545998,
                        34.70169270884477,
                        1
                    ],
                    [
                        135.4480765208236,
                        34.70167183165258,
                        1
                    ],
                    [
                        135.4480610993765,
                        34.70165009182399,
                        1
                    ],
                    [
                        135.4480442897811,
                        34.70162695532628,
                        1
                    ],
                    [
                        135.4480332230519,
                        34.70161136788334,
                        1
                    ],
                    [
                        135.4480164891037,
                        34.70159192648046,
                        1
                    ],
                    [
                        135.4480017484723,
                        34.70156540858228,
                        1
                    ],
                    [
                        135.4479751273319,
                        34.70154145513033,
                        1
                    ],
                    [
                        135.4479628135457,
                        34.70151891863829,
                        1
                    ],
                    [
                        135.4479410208313,
                        34.7014945440776,
                        1
                    ],
                    [
                        135.4479158636144,
                        34.70147019278996,
                        1
                    ],
                    [
                        135.4478918587602,
                        34.70145223555868,
                        1
                    ],
                    [
                        135.4478704000195,
                        34.70142850905542,
                        1
                    ],
                    [
                        135.447854016168,
                        34.70140464144175,
                        1
                    ],
                    [
                        135.447834471662,
                        34.70138177785649,
                        1
                    ],
                    [
                        135.4478165333212,
                        34.7013593899504,
                        1
                    ],
                    [
                        135.4478034532163,
                        34.70132636888637,
                        1
                    ],
                    [
                        135.4477878805025,
                        34.70129718877575,
                        1
                    ],
                    [
                        135.447774544994,
                        34.70126542326022,
                        1
                    ],
                    [
                        135.4477461786824,
                        34.70124389213818,
                        1
                    ],
                    [
                        135.4477329637512,
                        34.70122265301497,
                        1
                    ],
                    [
                        135.4477091526806,
                        34.7012265990613,
                        1
                    ],
                    [
                        135.4476728273192,
                        34.70123445699144,
                        1
                    ],
                    [
                        135.4476582808131,
                        34.70125831525581,
                        1
                    ],
                    [
                        135.4476683423479,
                        34.70125007185976,
                        1
                    ],
                    [
                        135.4476781961476,
                        34.70124479836316,
                        1
                    ],
                    [
                        135.4476760964837,
                        34.70125379388539,
                        1
                    ],
                    [
                        135.4476673054857,
                        34.70126351478818,
                        1
                    ],
                    [
                        135.4476569273765,
                        34.70127482102494,
                        1
                    ],
                    [
                        135.4476413043784,
                        34.70129143989647,
                        1
                    ],
                    [
                        135.4476238984483,
                        34.70131337941237,
                        1
                    ],
                    [
                        135.4476031684,
                        34.70132627414529,
                        1
                    ],
                    [
                        135.4475896063417,
                        34.70134107393351,
                        1
                    ],
                    [
                        135.4475708415394,
                        34.70136490764656,
                        1
                    ],
                    [
                        135.4475574458105,
                        34.70138639987458,
                        1
                    ],
                    [
                        135.4475510197475,
                        34.70141487688139,
                        1
                    ],
                    [
                        135.447549252977,
                        34.7014446110998,
                        1
                    ],
                    [
                        135.4475369514918,
                        34.70146419318008,
                        1
                    ],
                    [
                        135.4475287294123,
                        34.70149029225448,
                        1
                    ],
                    [
                        135.4475312337829,
                        34.70152620911494,
                        1
                    ],
                    [
                        135.4475208880033,
                        34.70156001207636,
                        1
                    ],
                    [
                        135.4475092847099,
                        34.7015805764826,
                        1
                    ],
                    [
                        135.4474968489705,
                        34.70160002828788,
                        1
                    ],
                    [
                        135.4474805789033,
                        34.70163091531559,
                        1
                    ],
                    [
                        135.4474694184495,
                        34.70165397156299,
                        1
                    ],
                    [
                        135.4474629322925,
                        34.70167430882983,
                        1
                    ],
                    [
                        135.4474690203043,
                        34.70168535608365,
                        1
                    ],
                    [
                        135.4474366998626,
                        34.70169913352007,
                        1
                    ],
                    [
                        135.4474290885614,
                        34.70170645795672,
                        1
                    ],
                    [
                        135.4474040878147,
                        34.70170944732032,
                        1
                    ],
                    [
                        135.447390425828,
                        34.70170297003552,
                        1
                    ],
                    [
                        135.4473904193258,
                        34.70169135868567,
                        1
                    ],
                    [
                        135.4473709032943,
                        34.70169155127616,
                        1
                    ],
                    [
                        135.4473858765756,
                        34.70169585829225,
                        1
                    ],
                    [
                        135.4473751951633,
                        34.7017047301787,
                        1
                    ],
                    [
                        135.4473575516483,
                        34.70172967895726,
                        1
                    ],
                    [
                        135.4473344185487,
                        34.70175333590676,
                        1
                    ],
                    [
                        135.4473549274836,
                        34.70176765108158,
                        1
                    ],
                    [
                        135.4473573315996,
                        34.70179703843137,
                        1
                    ],
                    [
                        135.447338857321,
                        34.70181654230095,
                        1
                    ],
                    [
                        135.4473154251201,
                        34.70183819726899,
                        1
                    ],
                    [
                        135.4472968887375,
                        34.70186345824452,
                        1
                    ],
                    [
                        135.4472773765877,
                        34.7018899549781,
                        1
                    ],
                    [
                        135.4472617451553,
                        34.70191933893175,
                        1
                    ],
                    [
                        135.4472562470625,
                        34.70193323128891,
                        1
                    ],
                    [
                        135.447235780908,
                        34.70196111617327,
                        1
                    ],
                    [
                        135.4472285132754,
                        34.70198001133172,
                        1
                    ],
                    [
                        135.4472174161472,
                        34.70200672186158,
                        1
                    ],
                    [
                        135.4472106103059,
                        34.70203658533743,
                        1
                    ],
                    [
                        135.4471935344369,
                        34.70206439766012,
                        1
                    ],
                    [
                        135.4471706331076,
                        34.70208629330469,
                        1
                    ],
                    [
                        135.4471547203254,
                        34.70210326950076,
                        1
                    ],
                    [
                        135.4471478311804,
                        34.70212638289055,
                        1
                    ],
                    [
                        135.4471334079746,
                        34.70215050689745,
                        1
                    ],
                    [
                        135.4471322236086,
                        34.70214153745388,
                        1
                    ],
                    [
                        135.4471263595082,
                        34.70215270762527,
                        1
                    ],
                    [
                        135.4471131368105,
                        34.70214382588478,
                        1
                    ],
                    [
                        135.4471180988883,
                        34.70215334631477,
                        1
                    ],
                    [
                        135.447112773386,
                        34.70218221112436,
                        1
                    ],
                    [
                        135.4470793620444,
                        34.70220625399696,
                        1
                    ],
                    [
                        135.4470421635331,
                        34.70222153191108,
                        1
                    ],
                    [
                        135.4470385342126,
                        34.7022461890768,
                        1
                    ],
                    [
                        135.4470070128466,
                        34.70225389278605,
                        1
                    ],
                    [
                        135.446988827095,
                        34.70224974849988,
                        1
                    ],
                    [
                        135.4469732582683,
                        34.70224087620165,
                        1
                    ],
                    [
                        135.446960663892,
                        34.7022469045812,
                        1
                    ],
                    [
                        135.4469472758426,
                        34.70224602612146,
                        1
                    ],
                    [
                        135.4469616375757,
                        34.70223576305052,
                        1
                    ],
                    [
                        135.4469651284267,
                        34.70220554988937,
                        1
                    ],
                    [
                        135.4469609676351,
                        34.70221592774046,
                        1
                    ],
                    [
                        135.4469632527996,
                        34.70222761224999,
                        1
                    ],
                    [
                        135.4469671553368,
                        34.70223688894831,
                        1
                    ],
                    [
                        135.4469795324033,
                        34.7022346473204,
                        1
                    ],
                    [
                        135.4469841206197,
                        34.70224878107271,
                        1
                    ],
                    [
                        135.446986214221,
                        34.70227425918987,
                        1
                    ],
                    [
                        135.4469979497283,
                        34.70229583903608,
                        1
                    ],
                    [
                        135.4470073471187,
                        34.70231647353089,
                        1
                    ],
                    [
                        135.4470359407416,
                        34.70233057178686,
                        1
                    ],
                    [
                        135.4470615254649,
                        34.70233855977609,
                        1
                    ],
                    [
                        135.4470699746242,
                        34.7023477779433,
                        1
                    ],
                    [
                        135.4470805788099,
                        34.70235793553154,
                        1
                    ],
                    [
                        135.4471081823824,
                        34.70236467743525,
                        1
                    ],
                    [
                        135.4471362655206,
                        34.70236881164336,
                        1
                    ],
                    [
                        135.4471730173304,
                        34.70237996522379,
                        1
                    ],
                    [
                        135.4471953270914,
                        34.70239340499406,
                        1
                    ],
                    [
                        135.4472245856329,
                        34.70240577024338,
                        1
                    ],
                    [
                        135.4472562834627,
                        34.70241152185585,
                        1
                    ],
                    [
                        135.4472969556158,
                        34.70241184309632,
                        1
                    ],
                    [
                        135.4473303773245,
                        34.70242040317195,
                        1
                    ],
                    [
                        135.4473640752515,
                        34.70243261411446,
                        1
                    ],
                    [
                        135.4473899835455,
                        34.70244738860521,
                        1
                    ],
                    [
                        135.4474129271026,
                        34.70245949602652,
                        1
                    ],
                    [
                        135.4474341018669,
                        34.70247623049039,
                        1
                    ],
                    [
                        135.4474583748858,
                        34.70250051430563,
                        1
                    ],
                    [
                        135.4474806176084,
                        34.70252253624395,
                        1
                    ],
                    [
                        135.447500284839,
                        34.70253635178251,
                        1
                    ],
                    [
                        135.4475369226794,
                        34.7025478897024,
                        1
                    ],
                    [
                        135.4475749143077,
                        34.70254781865374,
                        1
                    ],
                    [
                        135.4476073838154,
                        34.70256215176715,
                        1
                    ],
                    [
                        135.4476470124616,
                        34.70256130462194,
                        1
                    ],
                    [
                        135.4476801367353,
                        34.70256539971205,
                        1
                    ],
                    [
                        135.4477066331724,
                        34.70258322562107,
                        1
                    ],
                    [
                        135.4477287998757,
                        34.70259607818623,
                        1
                    ],
                    [
                        135.4477493591855,
                        34.7026056726419,
                        1
                    ],
                    [
                        135.4477649655041,
                        34.70261933796863,
                        1
                    ],
                    [
                        135.4477582430546,
                        34.70262759470418,
                        1
                    ],
                    [
                        135.447770125385,
                        34.70262801839903,
                        1
                    ],
                    [
                        135.4477655430055,
                        34.7026429138527,
                        1
                    ],
                    [
                        135.4477606726888,
                        34.70265321719995,
                        1
                    ],
                    [
                        135.4477591162836,
                        34.7026637906721,
                        1
                    ],
                    [
                        135.4477905820172,
                        34.70267868166164,
                        1
                    ],
                    [
                        135.4478156127158,
                        34.70267983657397,
                        1
                    ],
                    [
                        135.4478361340466,
                        34.70268540024417,
                        1
                    ],
                    [
                        135.4478613321072,
                        34.70271538958268,
                        1
                    ],
                    [
                        135.4478914693597,
                        34.70271842158934,
                        1
                    ],
                    [
                        135.4479181784685,
                        34.702723594356,
                        1
                    ],
                    [
                        135.4479488395037,
                        34.70273284213054,
                        1
                    ],
                    [
                        135.447968594948,
                        34.70274329899011,
                        1
                    ],
                    [
                        135.4480035476644,
                        34.70275596325799,
                        1
                    ],
                    [
                        135.4480398348831,
                        34.70275891603813,
                        1
                    ],
                    [
                        135.4480721855088,
                        34.70276183171667,
                        1
                    ],
                    [
                        135.4480952551469,
                        34.70278180203122,
                        1
                    ],
                    [
                        135.4481197814171,
                        34.70279359109189,
                        1
                    ],
                    [
                        135.448153348015,
                        34.70280804854913,
                        1
                    ],
                    [
                        135.4481782647157,
                        34.70282385258875,
                        1
                    ],
                    [
                        135.4482054816117,
                        34.70283177146081,
                        1
                    ],
                    [
                        135.4482371259855,
                        34.70283487850066,
                        1
                    ],
                    [
                        135.4482642929684,
                        34.70285138581809,
                        1
                    ],
                    [
                        135.4482908988426,
                        34.70286343927649,
                        1
                    ],
                    [
                        135.4483204303729,
                        34.70287275732881,
                        1
                    ],
                    [
                        135.4483365047037,
                        34.70287585651291,
                        1
                    ],
                    [
                        135.4483809921256,
                        34.70286342959713,
                        1
                    ],
                    [
                        135.4484218345501,
                        34.70286304692028,
                        1
                    ],
                    [
                        135.4484487956848,
                        34.70286952115811,
                        1
                    ],
                    [
                        135.4484763404386,
                        34.70287750153638,
                        1
                    ],
                    [
                        135.4485053403601,
                        34.70287160319111,
                        1
                    ],
                    [
                        135.4485263194553,
                        34.70285767571157,
                        1
                    ],
                    [
                        135.4485517744227,
                        34.70284796727434,
                        1
                    ],
                    [
                        135.4485733638242,
                        34.70282759107489,
                        1
                    ],
                    [
                        135.448592784447,
                        34.70280699713896,
                        1
                    ],
                    [
                        135.448609570791,
                        34.70278647806646,
                        1
                    ],
                    [
                        135.4486207765043,
                        34.70276183523623,
                        1
                    ],
                    [
                        135.4486397456293,
                        34.70274299956817,
                        1
                    ],
                    [
                        135.4486501032287,
                        34.70272420775817,
                        1
                    ],
                    [
                        135.4486731947389,
                        34.70269872745084,
                        1
                    ],
                    [
                        135.4486818504505,
                        34.70267810253204,
                        1
                    ],
                    [
                        135.4486960951144,
                        34.70265925147073,
                        1
                    ],
                    [
                        135.4487119741052,
                        34.70263391034268,
                        1
                    ],
                    [
                        135.4487236452843,
                        34.70260755520809,
                        1
                    ],
                    [
                        135.4487315488856,
                        34.70259198876538,
                        1
                    ],
                    [
                        135.4487428756975,
                        34.70259640240281,
                        1
                    ],
                    [
                        135.4487458719811,
                        34.70258752157257,
                        1
                    ],
                    [
                        135.4487581413638,
                        34.70256923302126,
                        1
                    ],
                    [
                        135.448770188384,
                        34.70254120187622,
                        1
                    ],
                    [
                        135.4487805893122,
                        34.7025167327329,
                        1
                    ],
                    [
                        135.4487920178611,
                        34.70249241529491,
                        1
                    ],
                    [
                        135.4488030430307,
                        34.70246941241358,
                        1
                    ],
                    [
                        135.4488073293403,
                        34.70243903756675,
                        1
                    ],
                    [
                        135.4488309408431,
                        34.70241571641658,
                        1
                    ],
                    [
                        135.4488492474796,
                        34.70238799118678,
                        1
                    ],
                    [
                        135.4488584907082,
                        34.70236583834676,
                        1
                    ],
                    [
                        135.4488772292837,
                        34.70235013622267,
                        1
                    ],
                    [
                        135.4488958805721,
                        34.70234124892814,
                        1
                    ],
                    [
                        135.448909567021,
                        34.70232602907679,
                        1
                    ],
                    [
                        135.4489284152371,
                        34.70230074764272,
                        1
                    ],
                    [
                        135.4489455028095,
                        34.70227160884863,
                        1
                    ],
                    [
                        135.448949212945,
                        34.70225609366357,
                        1
                    ],
                    [
                        135.4489649222139,
                        34.70221935609872,
                        1
                    ],
                    [
                        135.4489771728956,
                        34.70221624637099,
                        1
                    ],
                    [
                        135.4489875574867,
                        34.7022081195777,
                        1
                    ],
                    [
                        135.448998394415,
                        34.7021976987542,
                        1
                    ],
                    [
                        135.4490081129124,
                        34.70217861684509,
                        1
                    ],
                    [
                        135.4490138674738,
                        34.70216522672815,
                        1
                    ],
                    [
                        135.4490241298328,
                        34.70215296003165,
                        1
                    ],
                    [
                        135.4490304568785,
                        34.70213355482222,
                        1
                    ],
                    [
                        135.4490386531833,
                        34.70211774999852,
                        1
                    ],
                    [
                        135.4490457107733,
                        34.70210787224723,
                        1
                    ],
                    [
                        135.4490589434482,
                        34.7020840350193,
                        1
                    ],
                    [
                        135.4490625805673,
                        34.70207159666726,
                        1
                    ],
                    [
                        135.4490731512723,
                        34.70207441754494,
                        1
                    ],
                    [
                        135.4490614699643,
                        34.70208428102696,
                        1
                    ],
                    [
                        135.4490535530852,
                        34.70206862644501,
                        1
                    ],
                    [
                        135.4490657222111,
                        34.70207957722179,
                        1
                    ],
                    [
                        135.4490503547008,
                        34.70211832967836,
                        1
                    ],
                    [
                        135.4490287297495,
                        34.70214730745131,
                        1
                    ],
                    [
                        135.4490181333995,
                        34.70217172699784,
                        1
                    ],
                    [
                        135.448997682868,
                        34.70220759375813,
                        1
                    ],
                    [
                        135.4489843025101,
                        34.70224265502802,
                        1
                    ],
                    [
                        135.4489713494334,
                        34.70226492467255,
                        1
                    ],
                    [
                        135.4489670302672,
                        34.7022892528449,
                        1
                    ],
                    [
                        135.4489509324967,
                        34.70231871446668,
                        1
                    ],
                    [
                        135.4489211651,
                        34.70234539541892,
                        1
                    ],
                    [
                        135.4488989166661,
                        34.70237054514291,
                        1
                    ],
                    [
                        135.4488853006945,
                        34.70240496790511,
                        1
                    ],
                    [
                        135.4488720307205,
                        34.70243241384367,
                        1
                    ],
                    [
                        135.448853788433,
                        34.70245623178643,
                        1
                    ],
                    [
                        135.4488457974956,
                        34.70248205767179,
                        1
                    ],
                    [
                        135.4488300658986,
                        34.70252147259412,
                        1
                    ],
                    [
                        135.4488554478179,
                        34.70253259261368,
                        1
                    ],
                    [
                        135.4488659346666,
                        34.7025565266207,
                        1
                    ],
                    [
                        135.4488922896732,
                        34.70258643247265,
                        1
                    ],
                    [
                        135.4489179900998,
                        34.70261266440096,
                        1
                    ],
                    [
                        135.4489361534337,
                        34.70264006833472,
                        1
                    ],
                    [
                        135.4489617691949,
                        34.70266805133895,
                        1
                    ],
                    [
                        135.4489701658102,
                        34.70269933935408,
                        1
                    ],
                    [
                        135.4489943999464,
                        34.70272009172572,
                        1
                    ],
                    [
                        135.4490119804078,
                        34.70273574094776,
                        1
                    ],
                    [
                        135.4490267556608,
                        34.70276263647252,
                        1
                    ],
                    [
                        135.449048352126,
                        34.70278726416232,
                        1
                    ],
                    [
                        135.4490675474299,
                        34.70281983345244,
                        1
                    ],
                    [
                        135.4490846996502,
                        34.70284838669406,
                        1
                    ],
                    [
                        135.4490999953044,
                        34.70287094055097,
                        1
                    ],
                    [
                        135.4491185324515,
                        34.70290299795007,
                        1
                    ],
                    [
                        135.4491365251656,
                        34.70293116713803,
                        1
                    ],
                    [
                        135.4491523121108,
                        34.7029581336384,
                        1
                    ],
                    [
                        135.4491718799499,
                        34.70298699301189,
                        1
                    ],
                    [
                        135.4491884820339,
                        34.70301124387881,
                        1
                    ],
                    [
                        135.4491980136492,
                        34.70304078284369,
                        1
                    ],
                    [
                        135.4492165785733,
                        34.70306210059175,
                        1
                    ],
                    [
                        135.4492265174298,
                        34.7030714645762,
                        1
                    ],
                    [
                        135.4492288648366,
                        34.7030819328368,
                        1
                    ],
                    [
                        135.4492189650166,
                        34.70308677897532,
                        1
                    ],
                    [
                        135.4492190742011,
                        34.70309771951246,
                        1
                    ],
                    [
                        135.4492070552404,
                        34.70308355684489,
                        1
                    ],
                    [
                        135.4491750610807,
                        34.70308296778128,
                        1
                    ],
                    [
                        135.4491390829961,
                        34.70307698120996,
                        1
                    ],
                    [
                        135.4491225959598,
                        34.70301783307224,
                        1
                    ],
                    [
                        135.4491083050959,
                        34.70296738627195,
                        1
                    ],
                    [
                        135.449100999833,
                        34.70293814638222,
                        1
                    ],
                    [
                        135.4490735828613,
                        34.70292002585757,
                        1
                    ],
                    [
                        135.4490468239358,
                        34.70288951576376,
                        1
                    ],
                    [
                        135.4490281800821,
                        34.70286624748705,
                        1
                    ],
                    [
                        135.4490089420456,
                        34.70282976611223,
                        1
                    ],
                    [
                        135.4489866041155,
                        34.70279922542638,
                        1
                    ],
                    [
                        135.4489648514135,
                        34.70278221231881,
                        1
                    ],
                    [
                        135.4489479557056,
                        34.70275741735741,
                        1
                    ],
                    [
                        135.4489379659273,
                        34.70273158731574,
                        1
                    ],
                    [
                        135.4489252473847,
                        34.70271158484906,
                        1
                    ],
                    [
                        135.4489060306377,
                        34.7026908622932,
                        1
                    ],
                    [
                        135.4488821089789,
                        34.70268312721119,
                        1
                    ],
                    [
                        135.448868729355,
                        34.70265190937998,
                        1
                    ],
                    [
                        135.4488560081818,
                        34.70262241180196,
                        1
                    ],
                    [
                        135.4488424745632,
                        34.70260667482195,
                        1
                    ],
                    [
                        135.448827540168,
                        34.70257992424864,
                        1
                    ],
                    [
                        135.4488132783956,
                        34.70255186290648,
                        1
                    ],
                    [
                        135.4487957982006,
                        34.70253037180123,
                        1
                    ],
                    [
                        135.4487895145762,
                        34.70252040112816,
                        1
                    ],
                    [
                        135.4487940365972,
                        34.70251162445186,
                        1
                    ],
                    [
                        135.4488083806619,
                        34.70250506210646,
                        1
                    ],
                    [
                        135.4488185210322,
                        34.70248963384793,
                        1
                    ],
                    [
                        135.4488265498044,
                        34.70245587302605,
                        1
                    ],
                    [
                        135.4488357724141,
                        34.70244244976409,
                        1
                    ],
                    [
                        135.4488627969503,
                        34.70240850007515,
                        1
                    ],
                    [
                        135.4488811195376,
                        34.70238516712498,
                        1
                    ],
                    [
                        135.4488910996566,
                        34.70236367504468,
                        1
                    ],
                    [
                        135.4489037088865,
                        34.70233802885849,
                        1
                    ],
                    [
                        135.4489190940945,
                        34.7023031107106,
                        1
                    ],
                    [
                        135.4489344209782,
                        34.70227637221604,
                        1
                    ],
                    [
                        135.4489475907984,
                        34.70224837553437,
                        1
                    ],
                    [
                        135.448960356688,
                        34.70222162746061,
                        1
                    ],
                    [
                        135.4489731914767,
                        34.70219181254353,
                        1
                    ],
                    [
                        135.4489928286839,
                        34.70216551343372,
                        1
                    ],
                    [
                        135.4490069776531,
                        34.70213988812395,
                        1
                    ],
                    [
                        135.4490257907099,
                        34.70210914847105,
                        1
                    ],
                    [
                        135.4490392580533,
                        34.70208096964309,
                        1
                    ],
                    [
                        135.449055698002,
                        34.70205101018885,
                        1
                    ],
                    [
                        135.4490723356961,
                        34.70202477597073,
                        1
                    ],
                    [
                        135.4490917220407,
                        34.70199685611315,
                        1
                    ],
                    [
                        135.4491033783558,
                        34.70196550641148,
                        1
                    ],
                    [
                        135.4491249455731,
                        34.70194106462893,
                        1
                    ],
                    [
                        135.4491417306906,
                        34.70191530756883,
                        1
                    ],
                    [
                        135.4491557941125,
                        34.70189227389112,
                        1
                    ],
                    [
                        135.4491705350409,
                        34.7018646055707,
                        1
                    ],
                    [
                        135.4491837811698,
                        34.701836283591,
                        1
                    ],
                    [
                        135.4492036305926,
                        34.70180703365698,
                        1
                    ],
                    [
                        135.4492149540305,
                        34.70177812215568,
                        1
                    ],
                    [
                        135.4492318217326,
                        34.70175339247037,
                        1
                    ],
                    [
                        135.4492509287219,
                        34.70172314057237,
                        1
                    ],
                    [
                        135.4492597447345,
                        34.70169810959371,
                        1
                    ],
                    [
                        135.4492790887608,
                        34.70167626716241,
                        1
                    ],
                    [
                        135.4492962315137,
                        34.70164700751697,
                        1
                    ],
                    [
                        135.4493103290099,
                        34.70161703872281,
                        1
                    ],
                    [
                        135.4493235941705,
                        34.70159268559222,
                        1
                    ],
                    [
                        135.4493395410364,
                        34.70156483883476,
                        1
                    ],
                    [
                        135.4493459156751,
                        34.70154766345581,
                        1
                    ],
                    [
                        135.4493596071453,
                        34.70152707673081,
                        1
                    ],
                    [
                        135.4493717508179,
                        34.70150673889501,
                        1
                    ],
                    [
                        135.4493840290187,
                        34.70149443451761,
                        1
                    ],
                    [
                        135.4493957401244,
                        34.70147564727968,
                        1
                    ],
                    [
                        135.4494088311073,
                        34.70145944167055,
                        1
                    ],
                    [
                        135.4494325239185,
                        34.70146313277834,
                        1
                    ],
                    [
                        135.4494655341087,
                        34.70148350559121,
                        1
                    ],
                    [
                        135.44949131421,
                        34.70150442146594,
                        1
                    ],
                    [
                        135.4495259834346,
                        34.70151710713363,
                        1
                    ],
                    [
                        135.4495579183689,
                        34.7015244423929,
                        1
                    ],
                    [
                        135.4495914021426,
                        34.70153561672694,
                        1
                    ],
                    [
                        135.4496240358712,
                        34.70155444476713,
                        1
                    ],
                    [
                        135.4496508507879,
                        34.70156464589664,
                        1
                    ],
                    [
                        135.4496840799998,
                        34.70157610719851,
                        1
                    ],
                    [
                        135.4497183806894,
                        34.70159390232232,
                        1
                    ],
                    [
                        135.4497502089068,
                        34.70160553401474,
                        1
                    ],
                    [
                        135.4497883918264,
                        34.7016174304368,
                        1
                    ],
                    [
                        135.4498185282931,
                        34.70163047045114,
                        1
                    ],
                    [
                        135.44985371589,
                        34.70164483253848,
                        1
                    ],
                    [
                        135.4498814712715,
                        34.70165784935856,
                        1
                    ],
                    [
                        135.4499119730413,
                        34.70167214275388,
                        1
                    ],
                    [
                        135.4499448630255,
                        34.70168229319408,
                        1
                    ],
                    [
                        135.4499813024397,
                        34.70168663005798,
                        1
                    ],
                    [
                        135.449978357857,
                        34.70169659300208,
                        1
                    ],
                    [
                        135.4500009880467,
                        34.70170081238921,
                        1
                    ],
                    [
                        135.4500302713402,
                        34.70170964939228,
                        1
                    ],
                    [
                        135.4500559686031,
                        34.70171829015023,
                        1
                    ],
                    [
                        135.4500655323035,
                        34.70169026657357,
                        1
                    ],
                    [
                        135.4500720852853,
                        34.70167147463016,
                        1
                    ],
                    [
                        135.4500723896343,
                        34.70166186013728,
                        1
                    ],
                    [
                        135.4500886401802,
                        34.70163950408711,
                        1
                    ],
                    [
                        135.4501112631463,
                        34.70164375619063,
                        1
                    ],
                    [
                        135.4501253302442,
                        34.70163957619354,
                        1
                    ],
                    [
                        135.450159291688,
                        34.70164182727666,
                        1
                    ],
                    [
                        135.4501954597138,
                        34.70164432049347,
                        1
                    ],
                    [
                        135.4502403240774,
                        34.70164738280703,
                        1
                    ],
                    [
                        135.450275262743,
                        34.70165279961222,
                        1
                    ],
                    [
                        135.4503143368927,
                        34.70166567861703,
                        1
                    ],
                    [
                        135.4503252511173,
                        34.70168406345763,
                        1
                    ],
                    [
                        135.4503394670843,
                        34.70170211126294,
                        1
                    ],
                    [
                        135.4503643812061,
                        34.70170455513145,
                        1
                    ],
                    [
                        135.4503881606724,
                        34.70172401472136,
                        1
                    ],
                    [
                        135.4504107501337,
                        34.70173781495447,
                        1
                    ],
                    [
                        135.4504464397699,
                        34.70175520098287,
                        1
                    ],
                    [
                        135.4504791557355,
                        34.70176665285033,
                        1
                    ],
                    [
                        135.450502919374,
                        34.70177030628132,
                        1
                    ],
                    [
                        135.4505289405659,
                        34.70178313826734,
                        1
                    ],
                    [
                        135.4505577130561,
                        34.7017962334986,
                        1
                    ],
                    [
                        135.4505837525498,
                        34.70181068607866,
                        1
                    ],
                    [
                        135.4506111278898,
                        34.70181809821241,
                        1
                    ],
                    [
                        135.4506376657548,
                        34.70183021900537,
                        1
                    ],
                    [
                        135.4506713703786,
                        34.70184400080142,
                        1
                    ],
                    [
                        135.4506997424608,
                        34.7018600478475,
                        1
                    ],
                    [
                        135.450729230753,
                        34.70187632784228,
                        1
                    ],
                    [
                        135.4507588046833,
                        34.70189016456258,
                        1
                    ],
                    [
                        135.4507940070511,
                        34.70190056680531,
                        1
                    ],
                    [
                        135.4508266034954,
                        34.70190899931178,
                        1
                    ],
                    [
                        135.4508729311528,
                        34.7019283010595,
                        1
                    ],
                    [
                        135.4508898562633,
                        34.70193731689567,
                        1
                    ],
                    [
                        135.4509150549653,
                        34.7019540785533,
                        1
                    ],
                    [
                        135.4509452064524,
                        34.70196626804609,
                        1
                    ],
                    [
                        135.4509758292488,
                        34.70198394399932,
                        1
                    ],
                    [
                        135.4510067624983,
                        34.70199672394573,
                        1
                    ],
                    [
                        135.4510350055098,
                        34.70200658868377,
                        1
                    ],
                    [
                        135.4510716731147,
                        34.70201650202582,
                        1
                    ],
                    [
                        135.4510952412127,
                        34.70203535691666,
                        1
                    ],
                    [
                        135.4511302784163,
                        34.70204127142642,
                        1
                    ],
                    [
                        135.4511547846932,
                        34.70204330330102,
                        1
                    ],
                    [
                        135.4511847192746,
                        34.70205164954145,
                        1
                    ],
                    [
                        135.4512031386486,
                        34.70206740503203,
                        1
                    ],
                    [
                        135.4512140693606,
                        34.70207632525113,
                        1
                    ],
                    [
                        135.4512307738916,
                        34.70208011480373,
                        1
                    ],
                    [
                        135.4512555551117,
                        34.7020773932682,
                        1
                    ],
                    [
                        135.4512828840465,
                        34.70209498049881,
                        1
                    ],
                    [
                        135.451316288734,
                        34.70211693303234,
                        1
                    ],
                    [
                        135.4513438379052,
                        34.70213122353223,
                        1
                    ],
                    [
                        135.4513762544044,
                        34.70214617297142,
                        1
                    ],
                    [
                        135.4514095429431,
                        34.7021635037501,
                        1
                    ],
                    [
                        135.4514443999657,
                        34.70217667646327,
                        1
                    ],
                    [
                        135.4514817876968,
                        34.70219367560178,
                        1
                    ],
                    [
                        135.4515167844596,
                        34.70219730398012,
                        1
                    ],
                    [
                        135.4515682535367,
                        34.70220100897916,
                        1
                    ],
                    [
                        135.451604999567,
                        34.70219583170403,
                        1
                    ],
                    [
                        135.4516318641306,
                        34.70219558997618,
                        1
                    ],
                    [
                        135.4516627752581,
                        34.70218839760464,
                        1
                    ],
                    [
                        135.4517035578781,
                        34.70221326065464,
                        1
                    ],
                    [
                        135.4517186306178,
                        34.70221652696079,
                        1
                    ],
                    [
                        135.451738324705,
                        34.70222350648691,
                        1
                    ],
                    [
                        135.4517776080044,
                        34.70222696759828,
                        1
                    ],
                    [
                        135.4518123473585,
                        34.70223520465561,
                        1
                    ],
                    [
                        135.4518480582885,
                        34.70222440150187,
                        1
                    ],
                    [
                        135.4518728789956,
                        34.70221990865256,
                        1
                    ],
                    [
                        135.4519080174002,
                        34.70221903806617,
                        1
                    ],
                    [
                        135.4519415955685,
                        34.70222250092402,
                        1
                    ],
                    [
                        135.4519739321133,
                        34.70222833903618,
                        1
                    ],
                    [
                        135.4520065689516,
                        34.70223162587597,
                        1
                    ],
                    [
                        135.4520408909688,
                        34.70222977110311,
                        1
                    ],
                    [
                        135.452072995367,
                        34.70223335376051,
                        1
                    ],
                    [
                        135.4521078026249,
                        34.70223326639216,
                        1
                    ],
                    [
                        135.452145860197,
                        34.70223419997445,
                        1
                    ],
                    [
                        135.4521804303663,
                        34.70222260294082,
                        1
                    ],
                    [
                        135.4522082414663,
                        34.70221698568334,
                        1
                    ],
                    [
                        135.4522358742038,
                        34.70222092580698,
                        1
                    ],
                    [
                        135.4522658220881,
                        34.70221243400309,
                        1
                    ],
                    [
                        135.452306221565,
                        34.70220876440013,
                        1
                    ],
                    [
                        135.4523448662512,
                        34.7022053064869,
                        1
                    ],
                    [
                        135.4523800197814,
                        34.70219839738835,
                        1
                    ],
                    [
                        135.4524115327008,
                        34.70220136880558,
                        1
                    ],
                    [
                        135.4524537319557,
                        34.70219020253096,
                        1
                    ],
                    [
                        135.4524834420654,
                        34.70218311519999,
                        1
                    ],
                    [
                        135.45252405706,
                        34.70217638561887,
                        1
                    ],
                    [
                        135.4525544036775,
                        34.70217031941952,
                        1
                    ],
                    [
                        135.4525849831825,
                        34.70216731091987,
                        1
                    ],
                    [
                        135.4526308266819,
                        34.70214748713749,
                        1
                    ],
                    [
                        135.4526633673664,
                        34.70213511594205,
                        1
                    ],
                    [
                        135.4526972478659,
                        34.70212778912387,
                        1
                    ],
                    [
                        135.4527260514953,
                        34.70211731677517,
                        1
                    ],
                    [
                        135.4527600195311,
                        34.70210582824222,
                        1
                    ],
                    [
                        135.4527898565761,
                        34.70209693062506,
                        1
                    ],
                    [
                        135.4528225076206,
                        34.70208688524832,
                        1
                    ],
                    [
                        135.4528574073385,
                        34.70208205590726,
                        1
                    ],
                    [
                        135.4528846956858,
                        34.70208239489429,
                        1
                    ],
                    [
                        135.4529192154094,
                        34.70208448436837,
                        1
                    ],
                    [
                        135.4529504167657,
                        34.70207365266328,
                        1
                    ],
                    [
                        135.4529742013209,
                        34.70206295550772,
                        1
                    ],
                    [
                        135.4530112077927,
                        34.70205086683569,
                        1
                    ],
                    [
                        135.4530402905164,
                        34.7020350357157,
                        1
                    ],
                    [
                        135.4530711871392,
                        34.70202748055429,
                        1
                    ],
                    [
                        135.453103806508,
                        34.70202324640243,
                        1
                    ],
                    [
                        135.4531315056763,
                        34.7020119348732,
                        1
                    ],
                    [
                        135.4531511254326,
                        34.70198525973284,
                        1
                    ],
                    [
                        135.4531569486673,
                        34.70196248628071,
                        1
                    ],
                    [
                        135.453149564705,
                        34.70193626111129,
                        1
                    ],
                    [
                        135.4531433035299,
                        34.70191005397436,
                        1
                    ],
                    [
                        135.4531317086961,
                        34.70188204160382,
                        1
                    ],
                    [
                        135.4531234066704,
                        34.70186050421537,
                        1
                    ],
                    [
                        135.4531201257213,
                        34.70183629259305,
                        1
                    ],
                    [
                        135.4531141416494,
                        34.70181048198337,
                        1
                    ],
                    [
                        135.4531099200279,
                        34.70178714840186,
                        1
                    ],
                    [
                        135.4530991294521,
                        34.70175599363693,
                        1
                    ],
                    [
                        135.4530986522975,
                        34.70172951127515,
                        1
                    ],
                    [
                        135.4530954796945,
                        34.70169975693038,
                        1
                    ],
                    [
                        135.4530761217918,
                        34.70167177732619,
                        1
                    ],
                    [
                        135.4530620144801,
                        34.70164127209704,
                        1
                    ],
                    [
                        135.4530599585572,
                        34.70161910653329,
                        1
                    ],
                    [
                        135.4530546462715,
                        34.70159421066042,
                        1
                    ],
                    [
                        135.453039574079,
                        34.70156324152441,
                        1
                    ],
                    [
                        135.4530275014965,
                        34.70153931561643,
                        1
                    ],
                    [
                        135.4530137092786,
                        34.70151562443021,
                        1
                    ],
                    [
                        135.4529893164301,
                        34.70149183140457,
                        1
                    ],
                    [
                        135.4529751968549,
                        34.70146562704695,
                        1
                    ],
                    [
                        135.4529705324061,
                        34.70144016134731,
                        1
                    ],
                    [
                        135.4529641449967,
                        34.70142319225943,
                        1
                    ],
                    [
                        135.4529580875207,
                        34.70139254615446,
                        1
                    ],
                    [
                        135.4529577843718,
                        34.701369111547,
                        1
                    ],
                    [
                        135.4529493356807,
                        34.70134382044202,
                        1
                    ],
                    [
                        135.4529386102782,
                        34.70132375920161,
                        1
                    ],
                    [
                        135.452932840622,
                        34.70130245784271,
                        1
                    ],
                    [
                        135.4529245617525,
                        34.7012776870701,
                        1
                    ],
                    [
                        135.4529145671067,
                        34.70125816776427,
                        1
                    ],
                    [
                        135.4528987679494,
                        34.70123198013998,
                        1
                    ],
                    [
                        135.4528913064442,
                        34.70122140011409,
                        1
                    ],
                    [
                        135.4528874239004,
                        34.70121020998177,
                        1
                    ],
                    [
                        135.452877245022,
                        34.70119894876105,
                        1
                    ],
                    [
                        135.4528797670313,
                        34.70118366994421,
                        1
                    ],
                    [
                        135.4528883914718,
                        34.7012007250815,
                        1
                    ],
                    [
                        135.452890786553,
                        34.70122207595617,
                        1
                    ],
                    [
                        135.4528932055576,
                        34.70124667248702,
                        1
                    ],
                    [
                        135.4529089688688,
                        34.70127139216222,
                        1
                    ],
                    [
                        135.4529059006458,
                        34.70128520792119,
                        1
                    ],
                    [
                        135.4529036895206,
                        34.70127026476859,
                        1
                    ],
                    [
                        135.4529070233565,
                        34.70125182034376,
                        1
                    ],
                    [
                        135.4529206790556,
                        34.70123867425566,
                        1
                    ],
                    [
                        135.4529199881601,
                        34.70125306434589,
                        1
                    ],
                    [
                        135.4529237643534,
                        34.70127122528449,
                        1
                    ],
                    [
                        135.4529347709696,
                        34.70126962136388,
                        1
                    ],
                    [
                        135.4529293968034,
                        34.7012586978624,
                        1
                    ],
                    [
                        135.4529248107363,
                        34.7012336842974,
                        1
                    ],
                    [
                        135.4529266135365,
                        34.70122112500161,
                        1
                    ],
                    [
                        135.4529381804132,
                        34.70122591082923,
                        1
                    ],
                    [
                        135.4529652904395,
                        34.70125693157068,
                        1
                    ],
                    [
                        135.4529808739002,
                        34.70128499044609,
                        1
                    ],
                    [
                        135.4529898151318,
                        34.70131528465255,
                        1
                    ],
                    [
                        135.45300189874,
                        34.70133646415623,
                        1
                    ],
                    [
                        135.4530104725445,
                        34.70135604539499,
                        1
                    ],
                    [
                        135.4530231236636,
                        34.70138438602035,
                        1
                    ],
                    [
                        135.4530343358429,
                        34.70141497114378,
                        1
                    ],
                    [
                        135.4530583984965,
                        34.70144276166686,
                        1
                    ],
                    [
                        135.4530765871534,
                        34.70146591781014,
                        1
                    ],
                    [
                        135.4530917562243,
                        34.70147237125715,
                        1
                    ],
                    [
                        135.4531138416742,
                        34.70147893893201,
                        1
                    ],
                    [
                        135.4531034073943,
                        34.70149011904885,
                        1
                    ],
                    [
                        135.4531240923536,
                        34.70149131322489,
                        1
                    ],
                    [
                        135.4531616796266,
                        34.70148680540184,
                        1
                    ],
                    [
                        135.4531913293201,
                        34.70147347271559,
                        1
                    ],
                    [
                        135.4532205151334,
                        34.70147335064696,
                        1
                    ],
                    [
                        135.453264056062,
                        34.70146926723618,
                        1
                    ],
                    [
                        135.4532942212765,
                        34.70146352882634,
                        1
                    ],
                    [
                        135.4533335718091,
                        34.70145793423194,
                        1
                    ],
                    [
                        135.4533632859062,
                        34.7014530781491,
                        1
                    ],
                    [
                        135.4533953508756,
                        34.7014481418589,
                        1
                    ],
                    [
                        135.453432775678,
                        34.7014445371662,
                        1
                    ],
                    [
                        135.4534732339674,
                        34.70143589233736,
                        1
                    ],
                    [
                        135.4534997276598,
                        34.70142944872604,
                        1
                    ],
                    [
                        135.4535353355632,
                        34.70142154980461,
                        1
                    ],
                    [
                        135.4535728483855,
                        34.70140908762374,
                        1
                    ],
                    [
                        135.4536068040664,
                        34.70139607742625,
                        1
                    ],
                    [
                        135.4536375415308,
                        34.70138575524262,
                        1
                    ],
                    [
                        135.4536760218693,
                        34.70137708302121,
                        1
                    ],
                    [
                        135.4537086556228,
                        34.70136866344794,
                        1
                    ],
                    [
                        135.453742551533,
                        34.70135786022044,
                        1
                    ],
                    [
                        135.4537745919389,
                        34.70135382818368,
                        1
                    ],
                    [
                        135.4538091152026,
                        34.70135209467814,
                        1
                    ],
                    [
                        135.4538437052209,
                        34.70134686364455,
                        1
                    ],
                    [
                        135.4538733421931,
                        34.70134507328909,
                        1
                    ],
                    [
                        135.4539038341878,
                        34.70133832394153,
                        1
                    ],
                    [
                        135.453935732245,
                        34.70133262687769,
                        1
                    ],
                    [
                        135.4539691474975,
                        34.70132503612358,
                        1
                    ],
                    [
                        135.4539992951685,
                        34.70132019091955,
                        1
                    ],
                    [
                        135.4540337293886,
                        34.70131744822486,
                        1
                    ],
                    [
                        135.4540690576747,
                        34.70131516426628,
                        1
                    ],
                    [
                        135.4541005160212,
                        34.70130882039934,
                        1
                    ],
                    [
                        135.4541314074458,
                        34.70130047925189,
                        1
                    ],
                    [
                        135.454160901577,
                        34.70129685763992,
                        1
                    ],
                    [
                        135.4541967570999,
                        34.70129017840792,
                        1
                    ],
                    [
                        135.4542295975232,
                        34.70128750630282,
                        1
                    ],
                    [
                        135.4542586157525,
                        34.70128452835238,
                        1
                    ],
                    [
                        135.4542854443726,
                        34.70128046585442,
                        1
                    ],
                    [
                        135.4543134221675,
                        34.70127663610263,
                        1
                    ],
                    [
                        135.4543417948674,
                        34.70126926101451,
                        1
                    ],
                    [
                        135.4543707795897,
                        34.7012615772429,
                        1
                    ],
                    [
                        135.4543978372431,
                        34.70124966877766,
                        1
                    ],
                    [
                        135.4544268743383,
                        34.70124962499413,
                        1
                    ],
                    [
                        135.4544539867882,
                        34.701268790379,
                        1
                    ],
                    [
                        135.4544738981225,
                        34.70129648077563,
                        1
                    ],
                    [
                        135.4544846153498,
                        34.70132658006093,
                        1
                    ],
                    [
                        135.4544952047787,
                        34.70135292653194,
                        1
                    ],
                    [
                        135.4545105389,
                        34.70137497009163,
                        1
                    ],
                    [
                        135.4545307636905,
                        34.70139713113647,
                        1
                    ],
                    [
                        135.454532337692,
                        34.70142173360934,
                        1
                    ],
                    [
                        135.4545535821057,
                        34.70144265323706,
                        1
                    ],
                    [
                        135.4545704772428,
                        34.70147478045607,
                        1
                    ],
                    [
                        135.4545777289328,
                        34.70150028965291,
                        1
                    ],
                    [
                        135.4545861099552,
                        34.70152261936999,
                        1
                    ],
                    [
                        135.4545965932489,
                        34.70155074099957,
                        1
                    ],
                    [
                        135.4546068578765,
                        34.7015880711247,
                        1
                    ],
                    [
                        135.4546238564081,
                        34.70162036160269,
                        1
                    ],
                    [
                        135.4546427524957,
                        34.70163930856483,
                        1
                    ],
                    [
                        135.4546630817197,
                        34.70165350438245,
                        1
                    ],
                    [
                        135.4546995748249,
                        34.70166062363381,
                        1
                    ],
                    [
                        135.4547383590315,
                        34.70164619200065,
                        1
                    ],
                    [
                        135.4547657202934,
                        34.70164246749722,
                        1
                    ],
                    [
                        135.4547960577804,
                        34.70163818196307,
                        1
                    ],
                    [
                        135.4548281651274,
                        34.70163373174691,
                        1
                    ],
                    [
                        135.454855472552,
                        34.70162700897733,
                        1
                    ],
                    [
                        135.4548790535796,
                        34.7016319814555,
                        1
                    ],
                    [
                        135.4549033175355,
                        34.70165698600884,
                        1
                    ],
                    [
                        135.4549312769092,
                        34.7016483204396,
                        1
                    ],
                    [
                        135.4549565501873,
                        34.70163037275122,
                        1
                    ],
                    [
                        135.4549903262925,
                        34.70161606207984,
                        1
                    ],
                    [
                        135.4550171111983,
                        34.70160798487601,
                        1
                    ],
                    [
                        135.4550605527899,
                        34.70160411078576,
                        1
                    ],
                    [
                        135.4550903190337,
                        34.70161678439472,
                        1
                    ],
                    [
                        135.4551224317942,
                        34.70162069261561,
                        1
                    ],
                    [
                        135.4551665657384,
                        34.70160484303423,
                        1
                    ],
                    [
                        135.4552004897743,
                        34.70158952270213,
                        1
                    ],
                    [
                        135.4552319012135,
                        34.70158283275808,
                        1
                    ],
                    [
                        135.4552688613675,
                        34.70156946265268,
                        1
                    ],
                    [
                        135.4553025197203,
                        34.70156246128929,
                        1
                    ],
                    [
                        135.455336342233,
                        34.70155027023958,
                        1
                    ],
                    [
                        135.4553655276366,
                        34.70153884137062,
                        1
                    ],
                    [
                        135.4553983130383,
                        34.70153107616473,
                        1
                    ],
                    [
                        135.4554300791563,
                        34.70152002441302,
                        1
                    ],
                    [
                        135.4554634670567,
                        34.70151044843022,
                        1
                    ],
                    [
                        135.4554937596506,
                        34.7015018028286,
                        1
                    ],
                    [
                        135.4555223692102,
                        34.70149136268767,
                        1
                    ],
                    [
                        135.4555507585472,
                        34.70147524254144,
                        1
                    ],
                    [
                        135.4555653575594,
                        34.70146893194556,
                        1
                    ],
                    [
                        135.4555740858477,
                        34.70146296627668,
                        1
                    ],
                    [
                        135.4555624753074,
                        34.70146970821258,
                        1
                    ]
                ]
            },
            "properties": {
                "name": "log_20260111_121734",
                "stroke": "#0000ff",
                "stroke-opacity": 1,
                "stroke-width": 3
            }
        }
    ]
}